Workbook

Sheet SaMip 3.0_old currencies
A1: Country | B1: Country.nr | C1: Year | D1: SAsi | E1: SAlp | F1: SAfa | G1: SAsiy | H1: SAlpy | I1: SAfay | J1: SAavey | K1: CSUPPlp | L1: CSUPPfa | M1: HSUPPsi | N1: HSUPPlp | O1: HSUPPfa | P1: TCREDsi | Q1: TCREDlp | R1: TCREDfa | S1: OTHsi | T1: OTHlp | U1: OTHfa | V1: CSUPPlpy | W1: CSUPPfay | X1: HSUPPsiy | Y1: HSUPPlpy | Z1: HSUPPfay | AA1: TCREDsiy | AB1: TCREDlpy | AC1: TCREDfay | AD1: OTHsiy | AE1: OTHlpy | AF1: OTHfay | AG1: MIPsi | AH1: MIPlp | AI1: MIPfa | AJ1: MIPsiy | AK1: MIPlpy | AL1: MIPfay | AM1: MIPavey | AN1: FAlp | AO1: FAfa | AP1: FAlpy | AQ1: FAfay | AR1: FAavey
A2: AUS | B2: 36 | C2: 1990 | D2: 540.58333 | E2: 611.86667 | F2: 965.03333 | G2: 6487 | H2: 7342.4 | I2: 11580.4 | J2: 8469.9333 | K2: 338 | L2: 338 | M2: 108.33333 | N2: 130 | O2: 130 | P2: 0 | Q2: 0 | R2: 0 | S2: 0 | T2: 0 | U2: 0 | V2: 4056 | W2: 4056 | X2: 1300 | Y2: 1560 | Z2: 1560 | AA2: 0 | AB2: 0 | AC2: 0 | AD2: 0 | AE2: 0 | AF2: 0 | AG2: 648.91667 | AH2: 1079.8667 | AI2: 1433.0333 | AJ2: 7787 | AK2: 12958.4 | AL2: 17196.4 | AM2: 12647.267 | AN2: 949.86667 | AO2: 1303.0333 | AP2: 11398.4 | AQ2: 15636.4 | AR2: 13517.4
A3: AUS | B3: 36 | C3: 1991 | D3: 581.96667 | E3: 632.01667 | F3: 1053.8667 | G3: 6983.6 | H3: 7584.2 | I3: 12646.4 | J3: 9071.4 | K3: 369 | L3: 369 | M3: 134.33333 | N3: 156.86667 | O3: 156.86667 | P3: 0 | Q3: 0 | R3: 0 | S3: 0 | T3: 0 | U3: 0 | V3: 4428 | W3: 4428 | X3: 1612 | Y3: 1882.4 | Z3: 1882.4 | AA3: 0 | AB3: 0 | AC3: 0 | AD3: 0 | AE3: 0 | AF3: 0 | AG3: 716.3 | AH3: 1157.8833 | AI3: 1579.7333 | AJ3: 8595.6 | AK3: 13894.6 | AL3: 18956.8 | AM3: 13815.667 | AN3: 1001.0167 | AO3: 1422.8667 | AP3: 12012.2 | AQ3: 17074.4 | AR3: 14543.3
A4: AUS | B4: 36 | C4: 1992 | D4: 601.68333 | E4: 653.46667 | F4: 1089.8333 | G4: 7220.2 | H4: 7841.6 | I4: 13078 | J4: 9379.9333 | K4: 381.55 | L4: 381.55 | M4: 136.28333 | N4: 159.25 | O4: 159.25 | P4: 0 | Q4: 0 | R4: 0 | S4: 0 | T4: 0 | U4: 0 | V4: 4578.6 | W4: 4578.6 | X4: 1635.4 | Y4: 1911 | Z4: 1911 | AA4: 0 | AB4: 0 | AC4: 0 | AD4: 0 | AE4: 0 | AF4: 0 | AG4: 737.96667 | AH4: 1194.2667 | AI4: 1630.6333 | AJ4: 8855.6 | AK4: 14331.2 | AL4: 19567.6 | AM4: 14251.467 | AN4: 1035.0167 | AO4: 1471.3833 | AP4: 12420.2 | AQ4: 17656.6 | AR4: 15038.4
A5: AUS | B5: 36 | C5: 1993 | D5: 610.78333 | E5: 676.22 | F5: 1106.3 | G5: 7329.4 | H5: 8114.64 | I5: 13275.6 | J5: 9573.2133 | K5: 414.05 | L5: 414.05 | M5: 145.6 | N5: 170.08333 | O5: 170.08333 | P5: 0 | Q5: 0 | R5: 0 | S5: 0 | T5: 0 | U5: 0 | V5: 4968.6 | W5: 4968.6 | X5: 1747.2 | Y5: 2041 | Z5: 2041 | AA5: 0 | AB5: 0 | AC5: 0 | AD5: 0 | AE5: 0 | AF5: 0 | AG5: 756.38333 | AH5: 1260.3533 | AI5: 1690.4333 | AJ5: 9076.6 | AK5: 15124.24 | AL5: 20285.2 | AM5: 14828.68 | AN5: 1090.27 | AO5: 1520.35 | AP5: 13083.24 | AQ5: 18244.2 | AR5: 15663.72
A6: AUS | B6: 36 | C6: 1994 | D6: 620.53333 | E6: 689.22 | F6: 1142.7 | G6: 7446.4 | H6: 8270.64 | I6: 13712.4 | J6: 9809.8133 | K6: 427.7 | L6: 427.7 | M6: 148.2 | N6: 173.16 | O6: 173.16 | P6: 0 | Q6: 0 | R6: 0 | S6: 0 | T6: 0 | U6: 0 | V6: 5132.4 | W6: 5132.4 | X6: 1778.4 | Y6: 2077.92 | Z6: 2077.92 | AA6: 0 | AB6: 0 | AC6: 0 | AD6: 0 | AE6: 0 | AF6: 0 | AG6: 768.73333 | AH6: 1290.08 | AI6: 1743.56 | AJ6: 9224.8 | AK6: 15480.96 | AL6: 20922.72 | AM6: 15209.493 | AN6: 1116.92 | AO6: 1570.4 | AP6: 13403.04 | AQ6: 18844.8 | AR6: 16123.92
A7: AUS | B7: 36 | C7: 1995 | D7: 644.15 | E7: 739.1 | F7: 1161.3333 | G7: 7729.8 | H7: 8869.2 | I7: 13936 | J7: 10178.333 | K7: 443.51 | L7: 443.51 | M7: 152.1 | N7: 177.66667 | O7: 177.66667 | P7: 0 | Q7: 0 | R7: 0 | S7: 0 | T7: 0 | U7: 0 | V7: 5322.12 | W7: 5322.12 | X7: 1825.2 | Y7: 2132 | Z7: 2132 | AA7: 0 | AB7: 0 | AC7: 0 | AD7: 0 | AE7: 0 | AF7: 0 | AG7: 796.25 | AH7: 1360.2767 | AI7: 1782.51 | AJ7: 9555 | AK7: 16323.32 | AL7: 21390.12 | AM7: 15756.147 | AN7: 1182.61 | AO7: 1604.8433 | AP7: 14191.32 | AQ7: 19258.12 | AR7: 16724.72
A8: AUS | B8: 36 | C8: 1996 | D8: 672.75 | E8: 798.45 | F8: 1213.3333 | G8: 8073 | H8: 9581.4 | I8: 14560 | J8: 10738.133 | K8: 464.45 | L8: 464.45 | M8: 159.9 | N8: 175.37 | O8: 175.37 | P8: 0 | Q8: 0 | R8: 0 | S8: 0 | T8: 0 | U8: 0 | V8: 5573.4 | W8: 5573.4 | X8: 1918.8 | Y8: 2104.44 | Z8: 2104.44 | AA8: 0 | AB8: 0 | AC8: 0 | AD8: 0 | AE8: 0 | AF8: 0 | AG8: 832.65 | AH8: 1438.27 | AI8: 1853.1533 | AJ8: 9991.8 | AK8: 17259.24 | AL8: 22237.84 | AM8: 16496.293 | AN8: 1262.9 | AO8: 1677.7833 | AP8: 15154.8 | AQ8: 20133.4 | AR8: 17644.1
A9: AUS | B9: 36 | C9: 1997 | D9: 693.76667 | E9: 765.3 | F9: 1248 | G9: 8325.2 | H9: 9183.6 | I9: 14976 | J9: 10828.267 | K9: 613.4 | L9: 613.4 | M9: 162.06667 | N9: 189.36667 | O9: 189.36667 | P9: 0 | Q9: 0 | R9: 0 | S9: 0 | T9: 0 | U9: 0 | V9: 7360.8 | W9: 7360.8 | X9: 1944.8 | Y9: 2272.4 | Z9: 2272.4 | AA9: 0 | AB9: 0 | AC9: 0 | AD9: 0 | AE9: 0 | AF9: 0 | AG9: 855.83333 | AH9: 1568.0667 | AI9: 2050.7667 | AJ9: 10270 | AK9: 18816.8 | AL9: 24609.2 | AM9: 17898.667 | AN9: 1378.7 | AO9: 1861.4 | AP9: 16544.4 | AQ9: 22336.8 | AR9: 19440.6
A10: AUS | B10: 36 | C10: 1998 | D10: 696.58333 | E10: 798.45 | F10: 1256.6667 | G10: 8359 | H10: 9581.4 | I10: 15080 | J10: 11006.8 | K10: 621.5 | L10: 621.5 | M10: 162.93333 | N10: 190.40667 | O10: 190.40667 | P10: 0 | Q10: 0 | R10: 0 | S10: 0 | T10: 0 | U10: 0 | V10: 7458 | W10: 7458 | X10: 1955.2 | Y10: 2284.88 | Z10: 2284.88 | AA10: 0 | AB10: 0 | AC10: 0 | AD10: 0 | AE10: 0 | AF10: 0 | AG10: 859.51667 | AH10: 1610.3567 | AI10: 2068.5733 | AJ10: 10314.2 | AK10: 19324.28 | AL10: 24822.88 | AM10: 18153.787 | AN10: 1419.95 | AO10: 1878.1667 | AP10: 17039.4 | AQ10: 22538 | AR10: 19788.7
A11: AUS | B11: 36 | C11: 1999 | D11: 700.7 | E11: 805.8 | F11: 1264.4667 | G11: 8408.4 | H11: 9669.6 | I11: 15173.6 | J11: 11083.867 | K11: 629.6 | L11: 629.6 | M11: 164.23333 | N11: 191.92333 | O11: 191.92333 | P11: 0 | Q11: 0 | R11: 0 | S11: 0 | T11: 0 | U11: 0 | V11: 7555.2 | W11: 7555.2 | X11: 1970.8 | Y11: 2303.08 | Z11: 2303.08 | AA11: 0 | AB11: 0 | AC11: 0 | AD11: 0 | AE11: 0 | AF11: 0 | AG11: 864.93333 | AH11: 1627.3233 | AI11: 2085.99 | AJ11: 10379.2 | AK11: 19527.88 | AL11: 25031.88 | AM11: 18312.987 | AN11: 1435.4 | AO11: 1894.0667 | AP11: 17224.8 | AQ11: 22728.8 | AR11: 19976.8
A12: AUS | B12: 36 | C12: 2000 | D12: 707.85 | E12: 798.45 | F12: 1277.0333 | G12: 8494.2 | H12: 9581.4 | I12: 15324.4 | J12: 11133.333 | K12: 783.35 | L12: 783.35 | M12: 184.63 | N12: 215.65 | O12: 215.65 | P12: 0 | Q12: 0 | R12: 0 | S12: 0 | T12: 0 | U12: 0 | V12: 9400.2 | W12: 9400.2 | X12: 2215.56 | Y12: 2587.8 | Z12: 2587.8 | AA12: 0 | AB12: 0 | AC12: 0 | AD12: 0 | AE12: 0 | AF12: 0 | AG12: 892.48 | AH12: 1797.45 | AI12: 2276.0333 | AJ12: 10709.76 | AK12: 21569.4 | AL12: 27312.4 | AM12: 19863.853 | AN12: 1581.8 | AO12: 2060.3833 | AP12: 18981.6 | AQ12: 24724.6 | AR12: 21853.1
A13: AUS | B13: 36 | C13: 2001 | D13: 760.06667 | E13: 883.6 | F13: 1371.0667 | G13: 9120.8 | H13: 10603.2 | I13: 16452.8 | J13: 12058.933 | K13: 937.1 | L13: 937.1 | M13: 190.66667 | N13: 222.69 | O13: 222.69 | P13: 0 | Q13: 0 | R13: 0 | S13: 0 | T13: 0 | U13: 0 | V13: 11245.2 | W13: 11245.2 | X13: 2288 | Y13: 2672.28 | Z13: 2672.28 | AA13: 0 | AB13: 0 | AC13: 0 | AD13: 0 | AE13: 0 | AF13: 0 | AG13: 950.73333 | AH13: 2043.39 | AI13: 2530.8567 | AJ13: 11408.8 | AK13: 24520.68 | AL13: 30370.28 | AM13: 22099.92 | AN13: 1820.7 | AO13: 2308.1667 | AP13: 21848.4 | AQ13: 27698 | AR13: 24773.2
... A34: AUS | B34: 36 | C34: 2022 | D34: 1382.9833 | E34: 1556.9667 | F34: 2518.5333 | G34: 16595.8 | H34: 18683.6 | I34: 30222.4 | J34: 21833.933 | K34: 1726.792 | L34: 1214.9167 | M34: 309.4 | N34: 365 | O34: 365 | P34: 0 | Q34: 0 | R34: 0 | S34: 0 | T34: 0 | U34: 0 | V34: 20721.504 | W34: 14579 | X34: 3712.8 | Y34: 4380 | Z34: 4380 | AA34: 0 | AB34: 0 | AC34: 0 | AD34: 0 | AE34: 0 | AF34: 0 | AG34: 1692.3833 | AH34: 3648.7587 | AI34: 4098.45 | AJ34: 20308.6 | AK34: 43785.104 | AL34: 49181.4 | AM34: 37758.368 | AN34: 3283.7587 | AO34: 3733.45 | AP34: 39405.104 | AQ34: 44801.4 | AR34: 42103.252
A35: AUS | B35: 36 | C35: 2023
A36: AUT | B36: 40 | C36: 1990 | D36: 3791 | E36: 6074 | F36: 7974 | G36: 45492 | H36: 72888 | I36: 95688 | J36: 71356 | K36: 2850 | L36: 2850 | M36: 2384 | N36: 2384 | O36: 2384 | P36: 0 | Q36: 0 | R36: 0 | S36: 0 | T36: 0 | U36: 0 | V36: 34200 | W36: 34200 | X36: 28608 | Y36: 28608 | Z36: 28608 | AA36: 0 | AB36: 0 | AC36: 0 | AD36: 0 | AE36: 0 | AF36: 0 | AG36: 6175 | AH36: 11308 | AI36: 13208 | AJ36: 74100 | AK36: 135696 | AL36: 158496 | AM36: 122764 | AN36: 8924 | AO36: 10824 | AP36: 107088 | AQ36: 129888 | AR36: 118488
A37: AUT | B37: 40 | C37: 1991 | D37: 3791 | E37: 6074 | F37: 7974 | G37: 45492 | H37: 72888 | I37: 95688 | J37: 71356 | K37: 2850 | L37: 2850 | M37: 2384 | N37: 2384 | O37: 2384 | P37: 0 | Q37: 0 | R37: 0 | S37: 0 | T37: 0 | U37: 0 | V37: 34200 | W37: 34200 | X37: 28608 | Y37: 28608 | Z37: 28608 | AA37: 0 | AB37: 0 | AC37: 0 | AD37: 0 | AE37: 0 | AF37: 0 | AG37: 6175 | AH37: 11308 | AI37: 13208 | AJ37: 74100 | AK37: 135696 | AL37: 158496 | AM37: 122764 | AN37: 8924 | AO37: 10824 | AP37: 107088 | AQ37: 129888 | AR37: 118488
A38: AUT | B38: 40 | C38: 1992 | D38: 4350 | E38: 6870 | F38: 9050 | G38: 52200 | H38: 82440 | I38: 108600 | J38: 81080 | K38: 2850 | L38: 2850 | M38: 2689 | N38: 2689 | O38: 2689 | P38: 0 | Q38: 0 | R38: 0 | S38: 0 | T38: 0 | U38: 0 | V38: 34200 | W38: 34200 | X38: 32268 | Y38: 32268 | Z38: 32268 | AA38: 0 | AB38: 0 | AC38: 0 | AD38: 0 | AE38: 0 | AF38: 0 | AG38: 7039 | AH38: 12409 | AI38: 14589 | AJ38: 84468 | AK38: 148908 | AL38: 175068 | AM38: 136148 | AN38: 9720 | AO38: 11900 | AP38: 116640 | AQ38: 142800 | AR38: 129720
A39: AUT | B39: 40 | C39: 1993 | D39: 4530 | E39: 7140 | F39: 9410 | G39: 54360 | H39: 85680 | I39: 112920 | J39: 84320 | K39: 4141.67 | L39: 4141.67 | M39: 2778 | N39: 2778 | O39: 2778 | P39: 0 | Q39: 0 | R39: 0 | S39: 0 | T39: 0 | U39: 0 | V39: 49700.04 | W39: 49700.04 | X39: 33336 | Y39: 33336 | Z39: 33336 | AA39: 0 | AB39: 0 | AC39: 0 | AD39: 0 | AE39: 0 | AF39: 0 | AG39: 7308 | AH39: 14059.67 | AI39: 16329.67 | AJ39: 87696 | AK39: 168716.04 | AL39: 195956.04 | AM39: 150789.36 | AN39: 11281.67 | AO39: 13551.67 | AP39: 135380.04 | AQ39: 162620.04 | AR39: 149000.04
A40: AUT | B40: 40 | C40: 1994 | D40: 4640 | E40: 7424 | F40: 9632 | G40: 55680 | H40: 89088 | I40: 115584 | J40: 86784 | K40: 4141.67 | L40: 4141.67 | M40: 2867 | N40: 2867 | O40: 2867 | P40: 0 | Q40: 0 | R40: 0 | S40: 0 | T40: 0 | U40: 0 | V40: 49700.04 | W40: 49700.04 | X40: 34404 | Y40: 34404 | Z40: 34404 | AA40: 0 | AB40: 0 | AC40: 0 | AD40: 0 | AE40: 0 | AF40: 0 | AG40: 7507 | AH40: 14432.67 | AI40: 16640.67 | AJ40: 90084 | AK40: 173192.04 | AL40: 199688.04 | AM40: 154321.36 | AN40: 11565.67 | AO40: 13773.67 | AP40: 138788.04 | AQ40: 165284.04 | AR40: 152036.04
A41: AUT | B41: 40 | C41: 1995 | D41: 4770 | E41: 7632 | F41: 9902 | G41: 57240 | H41: 91584 | I41: 118824 | J41: 89216 | K41: 4141.67 | L41: 4141.67 | M41: 2948 | N41: 2948 | O41: 2948 | P41: 0 | Q41: 0 | R41: 0 | S41: 0 | T41: 0 | U41: 0 | V41: 49700.04 | W41: 49700.04 | X41: 35376 | Y41: 35376 | Z41: 35376 | AA41: 0 | AB41: 0 | AC41: 0 | AD41: 0 | AE41: 0 | AF41: 0 | AG41: 7718 | AH41: 14721.67 | AI41: 16991.67 | AJ41: 92616 | AK41: 176660.04 | AL41: 203900.04 | AM41: 157725.36 | AN41: 11773.67 | AO41: 14043.67 | AP41: 141284.04 | AQ41: 168524.04 | AR41: 154904.04
A42: AUT | B42: 40 | C42: 1996 | D42: 4880 | E42: 7808 | F42: 10130 | G42: 58560 | H42: 93696 | I42: 121560 | J42: 91272 | K42: 4141.67 | L42: 4141.67 | M42: 3100 | N42: 3132.67 | O42: 3132.67 | P42: 0 | Q42: 0 | R42: 0 | S42: 0 | T42: 0 | U42: 0 | V42: 49700.04 | W42: 49700.04 | X42: 37200 | Y42: 37592.04 | Z42: 37592.04 | AA42: 0 | AB42: 0 | AC42: 0 | AD42: 0 | AE42: 0 | AF42: 0 | AG42: 7980 | AH42: 15082.34 | AI42: 17404.34 | AJ42: 95760 | AK42: 180988.08 | AL42: 208852.08 | AM42: 161866.72 | AN42: 11949.67 | AO42: 14271.67 | AP42: 143396.04 | AQ42: 171260.04 | AR42: 157328.04
A43: AUT | B43: 40 | C43: 1997 | D43: 4880 | E43: 7808 | F43: 10708 | G43: 58560 | H43: 93696 | I43: 128496 | J43: 93584 | K43: 4141.67 | L43: 4141.67 | M43: 3252 | N43: 3317.33 | O43: 3317.33 | P43: 0 | Q43: 0 | R43: 0 | S43: 0 | T43: 0 | U43: 0 | V43: 49700.04 | W43: 49700.04 | X43: 39024 | Y43: 39807.96 | Z43: 39807.96 | AA43: 0 | AB43: 0 | AC43: 0 | AD43: 0 | AE43: 0 | AF43: 0 | AG43: 8132 | AH43: 15267 | AI43: 18167 | AJ43: 97584 | AK43: 183204 | AL43: 218004 | AM43: 166264 | AN43: 11949.67 | AO43: 14849.67 | AP43: 143396.04 | AQ43: 178196.04 | AR43: 160796.04
A44: AUT | B44: 40 | C44: 1998 | D44: 4929 | E44: 7886 | F44: 10563 | G44: 59148 | H44: 94632 | I44: 126756 | J44: 93512 | K44: 4141.67 | L44: 4141.67 | M44: 3404 | N44: 3502 | O44: 3502 | P44: 0 | Q44: 0 | R44: 0 | S44: 0 | T44: 0 | U44: 0 | V44: 49700.04 | W44: 49700.04 | X44: 40848 | Y44: 42024 | Z44: 42024 | AA44: 0 | AB44: 0 | AC44: 0 | AD44: 0 | AE44: 0 | AF44: 0 | AG44: 8333 | AH44: 15529.67 | AI44: 18206.67 | AJ44: 99996 | AK44: 186356.04 | AL44: 218480.04 | AM44: 168277.36 | AN44: 12027.67 | AO44: 14704.67 | AP44: 144332.04 | AQ44: 176456.04 | AR44: 160394.04
A45: AUT | B45: 40 | C45: 1999 | D45: 5019 | E45: 8029 | F45: 10417 | G45: 60228 | H45: 96348 | I45: 125004 | J45: 93860 | K45: 4641.67 | L45: 4641.67 | M45: 3556 | N45: 3686.67 | O45: 3686.67 | P45: 0 | Q45: 0 | R45: 0 | S45: 0 | T45: 0 | U45: 0 | V45: 55700.04 | W45: 55700.04 | X45: 42672 | Y45: 44240.04 | Z45: 44240.04 | AA45: 0 | AB45: 0 | AC45: 0 | AD45: 0 | AE45: 0 | AF45: 0 | AG45: 8575 | AH45: 16357.34 | AI45: 18745.34 | AJ45: 102900 | AK45: 196288.08 | AL45: 224944.08 | AM45: 174710.72 | AN45: 12670.67 | AO45: 15058.67 | AP45: 152048.04 | AQ45: 180704.04 | AR45: 166376.04
A46: AUT | B46: 40 | C46: 2000 | D46: 5142 | E46: 8190 | F46: 10625 | G46: 61704 | H46: 98280 | I46: 127500 | J46: 95828 | K46: 4725 | L46: 4725 | M46: 3708 | N46: 3871.33 | O46: 3871.33 | P46: 0 | Q46: 0 | R46: 0 | S46: 0 | T46: 0 | U46: 0 | V46: 56700 | W46: 56700 | X46: 44496 | Y46: 46455.96 | Z46: 46455.96 | AA46: 0 | AB46: 0 | AC46: 0 | AD46: 0 | AE46: 0 | AF46: 0 | AG46: 8850 | AH46: 16786.33 | AI46: 19221.33 | AJ46: 106200 | AK46: 201435.96 | AL46: 230655.96 | AM46: 179430.64 | AN46: 12915 | AO46: 15350 | AP46: 154980 | AQ46: 184200 | AR46: 169590
A47: AUT | B47: 40 | C47: 2001 | D47: 5220 | E47: 8350 | F47: 10833 | G47: 62640 | H47: 100200 | I47: 129996 | J47: 97612 | K47: 4725 | L47: 4725 | M47: 3860 | N47: 4056 | O47: 4056 | P47: 0 | Q47: 416.66667 | R47: 416.66667 | S47: 0 | T47: 0 | U47: 0 | V47: 56700 | W47: 56700 | X47: 46320 | Y47: 48672 | Z47: 48672 | AA47: 0 | AB47: 5000 | AC47: 5000 | AD47: 0 | AE47: 0 | AF47: 0 | AG47: 9080 | AH47: 17547.667 | AI47: 20030.667 | AJ47: 108960 | AK47: 210572 | AL47: 240368 | AM47: 186633.33 | AN47: 13491.667 | AO47: 15974.667 | AP47: 161900 | AQ47: 191696 | AR47: 176798
... A68: AUT | B68: 40 | C68: 2022 | D68: 10431.569 | E68: 17698.154 | F68: 22749.445 | G68: 125178.83 | H68: 212377.85 | I68: 272993.34 | J68: 203516.67 | K68: 5656.4007 | L68: 5656.4007 | M68: 5029.275 | N68: 5272.947 | O68: 5272.947 | P68: 0 | Q68: 767.13673 | R68: 767.13673 | S68: 0 | T68: 0 | U68: 0 | V68: 67876.808 | W68: 67876.808 | X68: 60351.3 | Y68: 63275.364 | Z68: 63275.364 | AA68: 0 | AB68: 9205.6407 | AC68: 9205.6407 | AD68: 0 | AE68: 0 | AF68: 0 | AG68: 15460.844 | AH68: 29394.638 | AI68: 34445.93 | AJ68: 185530.12 | AK68: 352735.66 | AL68: 413351.16 | AM68: 317205.65 | AN68: 24121.691 | AO68: 29172.983 | AP68: 289460.29 | AQ68: 350075.79 | AR68: 319768.04
A69: AUT | B69: 40 | C69: 2023
A70: BEL | B70: 56 | C70: 1990 | D70: 17303 | E70: 23070 | F70: 23070 | G70: 207636 | H70: 276840 | I70: 276840 | J70: 253772 | K70: 9547.5 | L70: 9547.5 | M70: 0 | N70: 0 | O70: 0 | P70: 0 | Q70: 0 | R70: 0 | S70: 0 | T70: 0 | U70: 0 | V70: 114570 | W70: 114570 | X70: 0 | Y70: 0 | Z70: 0 | AA70: 0 | AB70: 0 | AC70: 0 | AD70: 0 | AE70: 0 | AF70: 0 | AG70: 17303 | AH70: 32617.5 | AI70: 32617.5 | AJ70: 207636 | AK70: 391410 | AL70: 391410 | AM70: 330152 | AN70: 32617.5 | AO70: 32617.5 | AP70: 391410 | AQ70: 391410 | AR70: 391410
A71: BEL | B71: 56 | C71: 1991 | D71: 18362 | E71: 23258 | F71: 23258 | G71: 220344 | H71: 279096 | I71: 279096 | J71: 259512 | K71: 10358.25 | L71: 10358.25 | M71: 0 | N71: 0 | O71: 0 | P71: 0 | Q71: 0 | R71: 0 | S71: 0 | T71: 0 | U71: 0 | V71: 124299 | W71: 124299 | X71: 0 | Y71: 0 | Z71: 0 | AA71: 0 | AB71: 0 | AC71: 0 | AD71: 0 | AE71: 0 | AF71: 0 | AG71: 18362 | AH71: 33616.25 | AI71: 33616.25 | AJ71: 220344 | AK71: 403395 | AL71: 403395 | AM71: 342378 | AN71: 33616.25 | AO71: 33616.25 | AP71: 403395 | AQ71: 403395 | AR71: 403395
A72: BEL | B72: 56 | C72: 1992 | D72: 18729 | E72: 24971 | F72: 24971 | G72: 224748 | H72: 299652 | I72: 299652 | J72: 274684 | K72: 11169 | L72: 11169 | M72: 0 | N72: 0 | O72: 0 | P72: 0 | Q72: 0 | R72: 0 | S72: 0 | T72: 0 | U72: 0 | V72: 134028 | W72: 134028 | X72: 0 | Y72: 0 | Z72: 0 | AA72: 0 | AB72: 0 | AC72: 0 | AD72: 0 | AE72: 0 | AF72: 0 | AG72: 18729 | AH72: 36140 | AI72: 36140 | AJ72: 224748 | AK72: 433680 | AL72: 433680 | AM72: 364036 | AN72: 36140 | AO72: 36140 | AP72: 433680 | AQ72: 433680 | AR72: 433680
A73: BEL | B73: 56 | C73: 1993 | D73: 19485 | E73: 25980 | F73: 25980 | G73: 233820 | H73: 311760 | I73: 311760 | J73: 285780 | K73: 11416 | L73: 11416 | M73: 0 | N73: 0 | O73: 0 | P73: 0 | Q73: 0 | R73: 0 | S73: 0 | T73: 0 | U73: 0 | V73: 136992 | W73: 136992 | X73: 0 | Y73: 0 | Z73: 0 | AA73: 0 | AB73: 0 | AC73: 0 | AD73: 0 | AE73: 0 | AF73: 0 | AG73: 19485 | AH73: 37396 | AI73: 37396 | AJ73: 233820 | AK73: 448752 | AL73: 448752 | AM73: 377108 | AN73: 37396 | AO73: 37396 | AP73: 448752 | AQ73: 448752 | AR73: 448752
A74: BEL | B74: 56 | C74: 1994 | D74: 19709 | E74: 26279 | F74: 26279 | G74: 236508 | H74: 315348 | I74: 315348 | J74: 289068 | K74: 11663 | L74: 11663 | M74: 0 | N74: 0 | O74: 0 | P74: 0 | Q74: 0 | R74: 0 | S74: 0 | T74: 0 | U74: 0 | V74: 139956 | W74: 139956 | X74: 0 | Y74: 0 | Z74: 0 | AA74: 0 | AB74: 0 | AC74: 0 | AD74: 0 | AE74: 0 | AF74: 0 | AG74: 19709 | AH74: 37942 | AI74: 37942 | AJ74: 236508 | AK74: 455304 | AL74: 455304 | AM74: 382372 | AN74: 37942 | AO74: 37942 | AP74: 455304 | AQ74: 455304 | AR74: 455304
A75: BEL | B75: 56 | C75: 1995 | D75: 20103 | E75: 26805 | F75: 26805 | G75: 241236 | H75: 321660 | I75: 321660 | J75: 294852 | K75: 11910 | L75: 11910 | M75: 0 | N75: 0 | O75: 0 | P75: 0 | Q75: 0 | R75: 0 | S75: 0 | T75: 0 | U75: 0 | V75: 142920 | W75: 142920 | X75: 0 | Y75: 0 | Z75: 0 | AA75: 0 | AB75: 0 | AC75: 0 | AD75: 0 | AE75: 0 | AF75: 0 | AG75: 20103 | AH75: 38715 | AI75: 38715 | AJ75: 241236 | AK75: 464580 | AL75: 464580 | AM75: 390132 | AN75: 38715 | AO75: 38715 | AP75: 464580 | AQ75: 464580 | AR75: 464580
A76: BEL | B76: 56 | C76: 1996 | D76: 20505 | E76: 27341 | F76: 27341 | G76: 246060 | H76: 328092 | I76: 328092 | J76: 300748 | K76: 12150 | L76: 12150 | M76: 0 | N76: 0 | O76: 0 | P76: 0 | Q76: 0 | R76: 0 | S76: 0 | T76: 0 | U76: 0 | V76: 145800 | W76: 145800 | X76: 0 | Y76: 0 | Z76: 0 | AA76: 0 | AB76: 0 | AC76: 0 | AD76: 0 | AE76: 0 | AF76: 0 | AG76: 20505 | AH76: 39491 | AI76: 39491 | AJ76: 246060 | AK76: 473892 | AL76: 473892 | AM76: 397948 | AN76: 39491 | AO76: 39491 | AP76: 473892 | AQ76: 473892 | AR76: 473892
A77: BEL | B77: 56 | C77: 1997 | D77: 20505 | E77: 27341 | F77: 27341 | G77: 246060 | H77: 328092 | I77: 328092 | J77: 300748 | K77: 12390 | L77: 12390 | M77: 0 | N77: 0 | O77: 0 | P77: 0 | Q77: 0 | R77: 0 | S77: 0 | T77: 0 | U77: 0 | V77: 148680 | W77: 148680 | X77: 0 | Y77: 0 | Z77: 0 | AA77: 0 | AB77: 0 | AC77: 0 | AD77: 0 | AE77: 0 | AF77: 0 | AG77: 20505 | AH77: 39731 | AI77: 39731 | AJ77: 246060 | AK77: 476772 | AL77: 476772 | AM77: 399868 | AN77: 39731 | AO77: 39731 | AP77: 476772 | AQ77: 476772 | AR77: 476772
A78: BEL | B78: 56 | C78: 1998 | D78: 20916 | E78: 27888 | F78: 27888 | G78: 250992 | H78: 334656 | I78: 334656 | J78: 306768 | K78: 12275 | L78: 12275 | M78: 0 | N78: 0 | O78: 0 | P78: 0 | Q78: 0 | R78: 0 | S78: 0 | T78: 0 | U78: 0 | V78: 147300 | W78: 147300 | X78: 0 | Y78: 0 | Z78: 0 | AA78: 0 | AB78: 0 | AC78: 0 | AD78: 0 | AE78: 0 | AF78: 0 | AG78: 20916 | AH78: 40163 | AI78: 40163 | AJ78: 250992 | AK78: 481956 | AL78: 481956 | AM78: 404968 | AN78: 40163 | AO78: 40163 | AP78: 481956 | AQ78: 481956 | AR78: 481956
A79: BEL | B79: 56 | C79: 1999 | D79: 21134 | E79: 28445 | F79: 28445 | G79: 253608 | H79: 341340 | I79: 341340 | J79: 312096 | K79: 12160 | L79: 12160 | M79: 0 | N79: 0 | O79: 0 | P79: 0 | Q79: 0 | R79: 0 | S79: 0 | T79: 0 | U79: 0 | V79: 145920 | W79: 145920 | X79: 0 | Y79: 0 | Z79: 0 | AA79: 0 | AB79: 0 | AC79: 0 | AD79: 0 | AE79: 0 | AF79: 0 | AG79: 21134 | AH79: 40605 | AI79: 40605 | AJ79: 253608 | AK79: 487260 | AL79: 487260 | AM79: 409376 | AN79: 40605 | AO79: 40605 | AP79: 487260 | AQ79: 487260 | AR79: 487260
A80: BEL | B80: 56 | C80: 2000 | D80: 21761 | E80: 29015 | F80: 29015 | G80: 261132 | H80: 348180 | I80: 348180 | J80: 319164 | K80: 12618 | L80: 12618 | M80: 0 | N80: 0 | O80: 0 | P80: 0 | Q80: 0 | R80: 0 | S80: 0 | T80: 0 | U80: 0 | V80: 151416 | W80: 151416 | X80: 0 | Y80: 0 | Z80: 0 | AA80: 0 | AB80: 0 | AC80: 0 | AD80: 0 | AE80: 0 | AF80: 0 | AG80: 21761 | AH80: 41633 | AI80: 41633 | AJ80: 261132 | AK80: 499596 | AL80: 499596 | AM80: 420108 | AN80: 41633 | AO80: 41633 | AP80: 499596 | AQ80: 499596 | AR80: 499596
A81: BEL | B81: 56 | C81: 2001 | D81: 22196 | E81: 29595 | F81: 29595 | G81: 266352 | H81: 355140 | I81: 355140 | J81: 325544 | K81: 13076 | L81: 13076 | M81: 0 | N81: 0 | O81: 0 | P81: 0 | Q81: 0 | R81: 0 | S81: 0 | T81: 0 | U81: 0 | V81: 156912 | W81: 156912 | X81: 0 | Y81: 0 | Z81: 0 | AA81: 0 | AB81: 0 | AC81: 0 | AD81: 0 | AE81: 0 | AF81: 0 | AG81: 22196 | AH81: 42671 | AI81: 42671 | AJ81: 266352 | AK81: 512052 | AL81: 512052 | AM81: 430152 | AN81: 42671 | AO81: 42671 | AP81: 512052 | AQ81: 512052 | AR81: 512052
... A102: BEL | B102: 56 | C102: 2022 | D102: 43256.475 | E102: 59467.064 | F102: 60475.561 | G102: 519077.7 | H102: 713604.76 | I102: 725706.73 | J102: 652796.4 | K102: 19977.663 | L102: 19205.49 | M102: 0 | N102: 0 | O102: 0 | P102: 0 | Q102: 3227.192 | R102: 3227.192 | S102: 0 | T102: 0 | U102: 0 | V102: 239731.96 | W102: 230465.88 | X102: 0 | Y102: 0 | Z102: 0 | AA102: 0 | AB102: 38726.304 | AC102: 38726.304 | AD102: 0 | AE102: 0 | AF102: 0 | AG102: 43256.475 | AH102: 82671.919 | AI102: 82908.243 | AJ102: 519077.7 | AK102: 992063.02 | AL102: 994898.92 | AM102: 835346.55 | AN102: 82671.919 | AO102: 82908.243 | AP102: 992063.02 | AQ102: 994898.92 | AR102: 993480.97
A103: BEL | B103: 56 | C103: 2023
A104: BGR | B104: 100 | C104: 1990 | D104: N.A. | E104: N.A. | F104: N.A. | G104: N.A. | H104: N.A. | I104: N.A. | J104: N.A. | K104: N.A. | L104: N.A. | M104: N.A. | N104: N.A. | O104: N.A. | P104: N.A. | Q104: N.A. | R104: N.A. | S104: N.A. | T104: N.A. | U104: N.A. | V104: N.A. | W104: N.A. | X104: N.A. | Y104: N.A. | Z104: N.A. | AA104: N.A. | AB104: N.A. | AC104: N.A. | AD104: N.A. | AE104: N.A. | AF104: N.A. | AG104: N.A. | AH104: N.A. | AI104: N.A. | AJ104: N.A. | AK104: N.A. | AL104: N.A. | AM104: N.A. | AN104: N.A. | AO104: N.A. | AP104: N.A. | AQ104: N.A. | AR104: N.A.
A105: BGR | B105: 100 | C105: 1991 | D105: N.A. | E105: N.A. | F105: N.A. | G105: N.A. | H105: N.A. | I105: N.A. | J105: N.A. | K105: N.A. | L105: N.A. | M105: N.A. | N105: N.A. | O105: N.A. | P105: N.A. | Q105: N.A. | R105: N.A. | S105: N.A. | T105: N.A. | U105: N.A. | V105: N.A. | W105: N.A. | X105: N.A. | Y105: N.A. | Z105: N.A. | AA105: N.A. | AB105: N.A. | AC105: N.A. | AD105: N.A. | AE105: N.A. | AF105: N.A. | AG105: N.A. | AH105: N.A. | AI105: N.A. | AJ105: N.A. | AK105: N.A. | AL105: N.A. | AM105: N.A. | AN105: N.A. | AO105: N.A. | AP105: N.A. | AQ105: N.A. | AR105: N.A.
A106: BGR | B106: 100 | C106: 1992 | D106: N.A. | E106: N.A. | F106: N.A. | G106: N.A. | H106: N.A. | I106: N.A. | J106: N.A. | K106: N.A. | L106: N.A. | M106: N.A. | N106: N.A. | O106: N.A. | P106: N.A. | Q106: N.A. | R106: N.A. | S106: N.A. | T106: N.A. | U106: N.A. | V106: N.A. | W106: N.A. | X106: N.A. | Y106: N.A. | Z106: N.A. | AA106: N.A. | AB106: N.A. | AC106: N.A. | AD106: N.A. | AE106: N.A. | AF106: N.A. | AG106: N.A. | AH106: N.A. | AI106: N.A. | AJ106: N.A. | AK106: N.A. | AL106: N.A. | AM106: N.A. | AN106: N.A. | AO106: N.A. | AP106: N.A. | AQ106: N.A. | AR106: N.A.
A107: BGR | B107: 100 | C107: 1993 | D107: N.A. | E107: N.A. | F107: N.A. | G107: N.A. | H107: N.A. | I107: N.A. | J107: N.A. | K107: N.A. | L107: N.A. | M107: N.A. | N107: N.A. | O107: N.A. | P107: N.A. | Q107: N.A. | R107: N.A. | S107: N.A. | T107: N.A. | U107: N.A. | V107: N.A. | W107: N.A. | X107: N.A. | Y107: N.A. | Z107: N.A. | AA107: N.A. | AB107: N.A. | AC107: N.A. | AD107: N.A. | AE107: N.A. | AF107: N.A. | AG107: N.A. | AH107: N.A. | AI107: N.A. | AJ107: N.A. | AK107: N.A. | AL107: N.A. | AM107: N.A. | AN107: N.A. | AO107: N.A. | AP107: N.A. | AQ107: N.A. | AR107: N.A.
A108: BGR | B108: 100 | C108: 1994 | D108: N.A. | E108: N.A. | F108: N.A. | G108: N.A. | H108: N.A. | I108: N.A. | J108: N.A. | K108: N.A. | L108: N.A. | M108: N.A. | N108: N.A. | O108: N.A. | P108: N.A. | Q108: N.A. | R108: N.A. | S108: N.A. | T108: N.A. | U108: N.A. | V108: N.A. | W108: N.A. | X108: N.A. | Y108: N.A. | Z108: N.A. | AA108: N.A. | AB108: N.A. | AC108: N.A. | AD108: N.A. | AE108: N.A. | AF108: N.A. | AG108: N.A. | AH108: N.A. | AI108: N.A. | AJ108: N.A. | AK108: N.A. | AL108: N.A. | AM108: N.A. | AN108: N.A. | AO108: N.A. | AP108: N.A. | AQ108: N.A. | AR108: N.A.
A109: BGR | B109: 100 | C109: 1995 | D109: N.A. | E109: N.A. | F109: N.A. | G109: N.A. | H109: N.A. | I109: N.A. | J109: N.A. | K109: N.A. | L109: N.A. | M109: N.A. | N109: N.A. | O109: N.A. | P109: N.A. | Q109: N.A. | R109: N.A. | S109: N.A. | T109: N.A. | U109: N.A. | V109: N.A. | W109: N.A. | X109: N.A. | Y109: N.A. | Z109: N.A. | AA109: N.A. | AB109: N.A. | AC109: N.A. | AD109: N.A. | AE109: N.A. | AF109: N.A. | AG109: N.A. | AH109: N.A. | AI109: N.A. | AJ109: N.A. | AK109: N.A. | AL109: N.A. | AM109: N.A. | AN109: N.A. | AO109: N.A. | AP109: N.A. | AQ109: N.A. | AR109: N.A.
A110: BGR | B110: 100 | C110: 1996 | D110: N.A. | E110: N.A. | F110: N.A. | G110: N.A. | H110: N.A. | I110: N.A. | J110: N.A. | K110: N.A. | L110: N.A. | M110: N.A. | N110: N.A. | O110: N.A. | P110: N.A. | Q110: N.A. | R110: N.A. | S110: N.A. | T110: N.A. | U110: N.A. | V110: N.A. | W110: N.A. | X110: N.A. | Y110: N.A. | Z110: N.A. | AA110: N.A. | AB110: N.A. | AC110: N.A. | AD110: N.A. | AE110: N.A. | AF110: N.A. | AG110: N.A. | AH110: N.A. | AI110: N.A. | AJ110: N.A. | AK110: N.A. | AL110: N.A. | AM110: N.A. | AN110: N.A. | AO110: N.A. | AP110: N.A. | AQ110: N.A. | AR110: N.A.
A111: BGR | B111: 100 | C111: 1997 | D111: N.A. | E111: N.A. | F111: N.A. | G111: N.A. | H111: N.A. | I111: N.A. | J111: N.A. | K111: N.A. | L111: N.A. | M111: N.A. | N111: N.A. | O111: N.A. | P111: N.A. | Q111: N.A. | R111: N.A. | S111: N.A. | T111: N.A. | U111: N.A. | V111: N.A. | W111: N.A. | X111: N.A. | Y111: N.A. | Z111: N.A. | AA111: N.A. | AB111: N.A. | AC111: N.A. | AD111: N.A. | AE111: N.A. | AF111: N.A. | AG111: N.A. | AH111: N.A. | AI111: N.A. | AJ111: N.A. | AK111: N.A. | AL111: N.A. | AM111: N.A. | AN111: N.A. | AO111: N.A. | AP111: N.A. | AQ111: N.A. | AR111: N.A.
A112: BGR | B112: 100 | C112: 1998 | D112: N.A. | E112: N.A. | F112: N.A. | G112: N.A. | H112: N.A. | I112: N.A. | J112: N.A. | K112: N.A. | L112: N.A. | M112: N.A. | N112: N.A. | O112: N.A. | P112: N.A. | Q112: N.A. | R112: N.A. | S112: N.A. | T112: N.A. | U112: N.A. | V112: N.A. | W112: N.A. | X112: N.A. | Y112: N.A. | Z112: N.A. | AA112: N.A. | AB112: N.A. | AC112: N.A. | AD112: N.A. | AE112: N.A. | AF112: N.A. | AG112: N.A. | AH112: N.A. | AI112: N.A. | AJ112: N.A. | AK112: N.A. | AL112: N.A. | AM112: N.A. | AN112: N.A. | AO112: N.A. | AP112: N.A. | AQ112: N.A. | AR112: N.A.
A113: BGR | B113: 100 | C113: 1999 | D113: N.A. | E113: N.A. | F113: N.A. | G113: N.A. | H113: N.A. | I113: N.A. | J113: N.A. | K113: N.A. | L113: N.A. | M113: N.A. | N113: N.A. | O113: N.A. | P113: N.A. | Q113: N.A. | R113: N.A. | S113: N.A. | T113: N.A. | U113: N.A. | V113: N.A. | W113: N.A. | X113: N.A. | Y113: N.A. | Z113: N.A. | AA113: N.A. | AB113: N.A. | AC113: N.A. | AD113: N.A. | AE113: N.A. | AF113: N.A. | AG113: N.A. | AH113: N.A. | AI113: N.A. | AJ113: N.A. | AK113: N.A. | AL113: N.A. | AM113: N.A. | AN113: N.A. | AO113: N.A. | AP113: N.A. | AQ113: N.A. | AR113: N.A.
A114: BGR | B114: 100 | C114: 2000 | D114: N.A. | E114: N.A. | F114: N.A. | G114: N.A. | H114: N.A. | I114: N.A. | J114: N.A. | K114: N.A. | L114: N.A. | M114: N.A. | N114: N.A. | O114: N.A. | P114: N.A. | Q114: N.A. | R114: N.A. | S114: N.A. | T114: N.A. | U114: N.A. | V114: N.A. | W114: N.A. | X114: N.A. | Y114: N.A. | Z114: N.A. | AA114: N.A. | AB114: N.A. | AC114: N.A. | AD114: N.A. | AE114: N.A. | AF114: N.A. | AG114: N.A. | AH114: N.A. | AI114: N.A. | AJ114: N.A. | AK114: N.A. | AL114: N.A. | AM114: N.A. | AN114: N.A. | AO114: N.A. | AP114: N.A. | AQ114: N.A. | AR114: N.A.
A115: BGR | B115: 100 | C115: 2001 | D115: N.A. | E115: N.A. | F115: N.A. | G115: N.A. | H115: N.A. | I115: N.A. | J115: N.A. | K115: N.A. | L115: N.A. | M115: N.A. | N115: N.A. | O115: N.A. | P115: N.A. | Q115: N.A. | R115: N.A. | S115: N.A. | T115: N.A. | U115: N.A. | V115: N.A. | W115: N.A. | X115: N.A. | Y115: N.A. | Z115: N.A. | AA115: N.A. | AB115: N.A. | AC115: N.A. | AD115: N.A. | AE115: N.A. | AF115: N.A. | AG115: N.A. | AH115: N.A. | AI115: N.A. | AJ115: N.A. | AK115: N.A. | AL115: N.A. | AM115: N.A. | AN115: N.A. | AO115: N.A. | AP115: N.A. | AQ115: N.A. | AR115: N.A.
... A120: BGR | B120: 100 | C120: 2006 | D120: N.A. | E120: N.A. | F120: N.A. | G120: N.A. | H120: N.A. | I120: N.A. | J120: N.A. | K120: N.A. | L120: N.A. | M120: N.A. | N120: N.A. | O120: N.A. | P120: N.A. | Q120: N.A. | R120: N.A. | S120: N.A. | T120: N.A. | U120: N.A. | V120: N.A. | W120: N.A. | X120: N.A. | Y120: N.A. | Z120: N.A. | AA120: N.A. | AB120: N.A. | AC120: N.A. | AD120: N.A. | AE120: N.A. | AF120: N.A. | AG120: N.A. | AH120: N.A. | AI120: N.A. | AJ120: N.A. | AK120: N.A. | AL120: N.A. | AM120: N.A. | AN120: N.A. | AO120: N.A. | AP120: N.A. | AQ120: N.A. | AR120: N.A.
A121: BGR | B121: 100 | C121: 2007 | D121: 88.275 | E121: 137.5 | F121: 155.1 | G121: 1059.3 | H121: 1650 | I121: 1861.2 | J121: 1523.5 | K121: 38 | L121: 38 | M121: 0 | N121: 0 | O121: 0 | P121: 0 | Q121: 0 | R121: 0 | S121: 0 | T121: 0 | U121: 0 | V121: 456 | W121: 456 | X121: 0 | Y121: 0 | Z121: 0 | AA121: 0 | AB121: 0 | AC121: 0 | AD121: 0 | AE121: 0 | AF121: 0 | AG121: 88.275 | AH121: 175.5 | AI121: 193.1 | AJ121: 1059.3 | AK121: 2106 | AL121: 2317.2 | AM121: 1827.5 | AN121: 175.5 | AO121: 193.1 | AP121: 2106 | AQ121: 2317.2 | AR121: 2211.6
A122: BGR | B122: 100 | C122: 2008 | D122: 72.23 | E122: 128.85 | F122: 146.45 | G122: 866.76 | H122: 1546.2 | I122: 1757.4 | J122: 1390.12 | K122: 50 | L122: 50 | M122: 0 | N122: 0 | O122: 0 | P122: 0 | Q122: 0 | R122: 0 | S122: 0 | T122: 0 | U122: 0 | V122: 600 | W122: 600 | X122: 0 | Y122: 0 | Z122: 0 | AA122: 0 | AB122: 0 | AC122: 0 | AD122: 0 | AE122: 0 | AF122: 0 | AG122: 72.23 | AH122: 178.85 | AI122: 196.45 | AJ122: 866.76 | AK122: 2146.2 | AL122: 2357.4 | AM122: 1790.12 | AN122: 178.85 | AO122: 196.45 | AP122: 2146.2 | AQ122: 2357.4 | AR122: 2251.8
A123: BGR | B123: 100 | C123: 2009 | D123: 70.46 | E123: 123.81667 | F123: 144.61667 | G123: 845.52 | H123: 1485.8 | I123: 1735.4 | J123: 1355.5733 | K123: 82.5 | L123: 82.5 | M123: 0 | N123: 0 | O123: 0 | P123: 0 | Q123: 0 | R123: 0 | S123: 0 | T123: 0 | U123: 0 | V123: 990 | W123: 990 | X123: 0 | Y123: 0 | Z123: 0 | AA123: 0 | AB123: 0 | AC123: 0 | AD123: 0 | AE123: 0 | AF123: 0 | AG123: 70.46 | AH123: 206.31667 | AI123: 227.11667 | AJ123: 845.52 | AK123: 2475.8 | AL123: 2725.4 | AM123: 2015.5733 | AN123: 206.31667 | AO123: 227.11667 | AP123: 2475.8 | AQ123: 2725.4 | AR123: 2600.6
A124: BGR | B124: 100 | C124: 2010 | D124: 71.14 | E124: 124.49167 | F124: 145.29167 | G124: 853.68 | H124: 1493.9 | I124: 1743.5 | J124: 1363.6933 | K124: 82.5 | L124: 82.5 | M124: 0 | N124: 0 | O124: 0 | P124: 0 | Q124: 0 | R124: 0 | S124: 0 | T124: 0 | U124: 0 | V124: 990 | W124: 990 | X124: 0 | Y124: 0 | Z124: 0 | AA124: 0 | AB124: 0 | AC124: 0 | AD124: 0 | AE124: 0 | AF124: 0 | AG124: 71.14 | AH124: 206.99167 | AI124: 227.79167 | AJ124: 853.68 | AK124: 2483.9 | AL124: 2733.5 | AM124: 2023.6933 | AN124: 206.99167 | AO124: 227.79167 | AP124: 2483.9 | AQ124: 2733.5 | AR124: 2608.7
A125: BGR | B125: 100 | C125: 2011 | D125: 71.14 | E125: 124.49167 | F125: 145.29167 | G125: 853.68 | H125: 1493.9 | I125: 1743.5 | J125: 1363.6933 | K125: 82.5 | L125: 82.5 | M125: 0 | N125: 0 | O125: 0 | P125: 0 | Q125: 0 | R125: 0 | S125: 0 | T125: 0 | U125: 0 | V125: 990 | W125: 990 | X125: 0 | Y125: 0 | Z125: 0 | AA125: 0 | AB125: 0 | AC125: 0 | AD125: 0 | AE125: 0 | AF125: 0 | AG125: 71.14 | AH125: 206.99167 | AI125: 227.79167 | AJ125: 853.68 | AK125: 2483.9 | AL125: 2733.5 | AM125: 2023.6933 | AN125: 206.99167 | AO125: 227.79167 | AP125: 2483.9 | AQ125: 2733.5 | AR125: 2608.7
A126: BGR | B126: 100 | C126: 2012 | D126: 71.14 | E126: 124.49167 | F126: 145.29167 | G126: 853.68 | H126: 1493.9 | I126: 1743.5 | J126: 1363.6933 | K126: 82.5 | L126: 82.5 | M126: 0 | N126: 0 | O126: 0 | P126: 0 | Q126: 0 | R126: 0 | S126: 0 | T126: 0 | U126: 0 | V126: 990 | W126: 990 | X126: 0 | Y126: 0 | Z126: 0 | AA126: 0 | AB126: 0 | AC126: 0 | AD126: 0 | AE126: 0 | AF126: 0 | AG126: 71.14 | AH126: 206.99167 | AI126: 227.79167 | AJ126: 853.68 | AK126: 2483.9 | AL126: 2733.5 | AM126: 2023.6933 | AN126: 206.99167 | AO126: 227.79167 | AP126: 2483.9 | AQ126: 2733.5 | AR126: 2608.7
A127: BGR | B127: 100 | C127: 2013 | D127: 73.58 | E127: 119.85 | F127: 140.65 | G127: 882.96 | H127: 1438.2 | I127: 1687.8 | J127: 1336.32 | K127: 90.833333 | L127: 90.833333 | M127: 0 | N127: 0 | O127: 0 | P127: 0 | Q127: 0 | R127: 0 | S127: 0 | T127: 0 | U127: 0 | V127: 1090 | W127: 1090 | X127: 0 | Y127: 0 | Z127: 0 | AA127: 0 | AB127: 0 | AC127: 0 | AD127: 0 | AE127: 0 | AF127: 0 | AG127: 73.58 | AH127: 210.68333 | AI127: 231.48333 | AJ127: 882.96 | AK127: 2528.2 | AL127: 2777.8 | AM127: 2062.9867 | AN127: 210.68333 | AO127: 231.48333 | AP127: 2528.2 | AQ127: 2777.8 | AR127: 2653
A128: BGR | B128: 100 | C128: 2014 | D128: 73.58 | E128: 86.716667 | F128: 107.51667 | G128: 882.96 | H128: 1040.6 | I128: 1290.2 | J128: 1071.2533 | K128: 126.66667 | L128: 126.66667 | M128: 0 | N128: 0 | O128: 0 | P128: 0 | Q128: 0 | R128: 0 | S128: 0 | T128: 0 | U128: 0 | V128: 1520 | W128: 1520 | X128: 0 | Y128: 0 | Z128: 0 | AA128: 0 | AB128: 0 | AC128: 0 | AD128: 0 | AE128: 0 | AF128: 0 | AG128: 73.58 | AH128: 213.38333 | AI128: 234.18333 | AJ128: 882.96 | AK128: 2560.6 | AL128: 2810.2 | AM128: 2084.5867 | AN128: 213.38333 | AO128: 234.18333 | AP128: 2560.6 | AQ128: 2810.2 | AR128: 2685.4
A129: BGR | B129: 100 | C129: 2015 | D129: 77.53 | E129: 86.716667 | F129: 107.51667 | G129: 930.36 | H129: 1040.6 | I129: 1290.2 | J129: 1087.0533 | K129: 126.66667 | L129: 126.66667 | M129: 0 | N129: 0 | O129: 0 | P129: 0 | Q129: 0 | R129: 0 | S129: 0 | T129: 0 | U129: 0 | V129: 1520 | W129: 1520 | X129: 0 | Y129: 0 | Z129: 0 | AA129: 0 | AB129: 0 | AC129: 0 | AD129: 0 | AE129: 0 | AF129: 0 | AG129: 77.53 | AH129: 213.38333 | AI129: 234.18333 | AJ129: 930.36 | AK129: 2560.6 | AL129: 2810.2 | AM129: 2100.3867 | AN129: 213.38333 | AO129: 234.18333 | AP129: 2560.6 | AQ129: 2810.2 | AR129: 2685.4
A130: BGR | B130: 100 | C130: 2016 | D130: 77.53 | E130: 107.55 | F130: 128.35 | G130: 930.36 | H130: 1290.6 | I130: 1540.2 | J130: 1253.72 | K130: 105.83333 | L130: 105.83333 | M130: 0 | N130: 0 | O130: 0 | P130: 0 | Q130: 0 | R130: 0 | S130: 0 | T130: 0 | U130: 0 | V130: 1270 | W130: 1270 | X130: 0 | Y130: 0 | Z130: 0 | AA130: 0 | AB130: 0 | AC130: 0 | AD130: 0 | AE130: 0 | AF130: 0 | AG130: 77.53 | AH130: 213.38333 | AI130: 234.18333 | AJ130: 930.36 | AK130: 2560.6 | AL130: 2810.2 | AM130: 2100.3867 | AN130: 213.38333 | AO130: 234.18333 | AP130: 2560.6 | AQ130: 2810.2 | AR130: 2685.4
A131: BGR | B131: 100 | C131: 2017 | D131: 77.53 | E131: 107.65833 | F131: 128.45833 | G131: 930.36 | H131: 1291.9 | I131: 1541.5 | J131: 1254.5867 | K131: 105.83333 | L131: 105.83333 | M131: 0 | N131: 0 | O131: 0 | P131: 0 | Q131: 0 | R131: 0 | S131: 0 | T131: 0 | U131: 0 | V131: 1270 | W131: 1270 | X131: 0 | Y131: 0 | Z131: 0 | AA131: 0 | AB131: 0 | AC131: 0 | AD131: 0 | AE131: 0 | AF131: 0 | AG131: 77.53 | AH131: 213.49167 | AI131: 234.29167 | AJ131: 930.36 | AK131: 2561.9 | AL131: 2811.5 | AM131: 2101.2533 | AN131: 213.49167 | AO131: 234.29167 | AP131: 2561.9 | AQ131: 2811.5 | AR131: 2686.7
A132: BGR | B132: 100 | C132: 2018 | D132: 89.454114 | E132: 131.09167 | F132: 155.09167 | G132: 1073.4494 | H132: 1573.1 | I132: 1861.1 | J132: 1502.5498 | K132: 110.83333 | L132: 110.83333 | M132: 0 | N132: 0 | O132: 0 | P132: 0 | Q132: 0 | R132: 0 | S132: 0 | T132: 0 | U132: 0 | V132: 1330 | W132: 1330 | X132: 0 | Y132: 0 | Z132: 0 | AA132: 0 | AB132: 0 | AC132: 0 | AD132: 0 | AE132: 0 | AF132: 0 | AG132: 89.454114 | AH132: 241.925 | AI132: 265.925 | AJ132: 1073.4494 | AK132: 2903.1 | AL132: 3191.1 | AM132: 2389.2165 | AN132: 241.925 | AO132: 265.925 | AP132: 2903.1 | AQ132: 3191.1 | AR132: 3047.1
... A137: BGR | B137: 100 | C137: 2023 | D137: 133.85833 | E137: 209.325 | F137: 253.35 | G137: 1606.3 | H137: 2511.9 | I137: 3040.2 | J137: 2386.1333 | K137: 160 | L137: 160 | M137: 0 | N137: 0 | O137: 0 | P137: 0 | Q137: 0 | R137: 0 | S137: 0 | T137: 0 | U137: 0 | V137: 1920 | W137: 1920 | X137: 0 | Y137: 0 | Z137: 0 | AA137: 0 | AB137: 0 | AC137: 0 | AD137: 0 | AE137: 0 | AF137: 0 | AG137: 133.85833 | AH137: 369.325 | AI137: 413.35 | AJ137: 1606.3 | AK137: 4431.9 | AL137: 4960.2 | AM137: 3666.1333 | AN137: 369.325 | AO137: 413.35 | AP137: 4431.9 | AQ137: 4960.2 | AR137: 4696.05
A138: BRA | B138: 76 | C138: 1990 | D138: N.A. | E138: N.A. | F138: N.A. | G138: N.A. | H138: N.A. | I138: N.A. | J138: N.A. | K138: N.A. | L138: N.A. | M138: N.A. | N138: N.A. | O138: N.A. | P138: N.A. | Q138: N.A. | R138: N.A. | S138: N.A. | T138: N.A. | U138: N.A. | V138: N.A. | W138: N.A. | X138: N.A. | Y138: N.A. | Z138: N.A. | AA138: N.A. | AB138: N.A. | AC138: N.A. | AD138: N.A. | AE138: N.A. | AF138: N.A. | AG138: N.A. | AH138: N.A. | AI138: N.A. | AJ138: N.A. | AK138: N.A. | AL138: N.A. | AM138: N.A. | AN138: N.A. | AO138: N.A. | AP138: N.A. | AQ138: N.A. | AR138: N.A.
A139: BRA | B139: 76 | C139: 1991 | D139: N.A. | E139: N.A. | F139: N.A. | G139: N.A. | H139: N.A. | I139: N.A. | J139: N.A. | K139: N.A. | L139: N.A. | M139: N.A. | N139: N.A. | O139: N.A. | P139: N.A. | Q139: N.A. | R139: N.A. | S139: N.A. | T139: N.A. | U139: N.A. | V139: N.A. | W139: N.A. | X139: N.A. | Y139: N.A. | Z139: N.A. | AA139: N.A. | AB139: N.A. | AC139: N.A. | AD139: N.A. | AE139: N.A. | AF139: N.A. | AG139: N.A. | AH139: N.A. | AI139: N.A. | AJ139: N.A. | AK139: N.A. | AL139: N.A. | AM139: N.A. | AN139: N.A. | AO139: N.A. | AP139: N.A. | AQ139: N.A. | AR139: N.A.
A140: BRA | B140: 76 | C140: 1992 | D140: N.A. | E140: N.A. | F140: N.A. | G140: N.A. | H140: N.A. | I140: N.A. | J140: N.A. | K140: N.A. | L140: N.A. | M140: N.A. | N140: N.A. | O140: N.A. | P140: N.A. | Q140: N.A. | R140: N.A. | S140: N.A. | T140: N.A. | U140: N.A. | V140: N.A. | W140: N.A. | X140: N.A. | Y140: N.A. | Z140: N.A. | AA140: N.A. | AB140: N.A. | AC140: N.A. | AD140: N.A. | AE140: N.A. | AF140: N.A. | AG140: N.A. | AH140: N.A. | AI140: N.A. | AJ140: N.A. | AK140: N.A. | AL140: N.A. | AM140: N.A. | AN140: N.A. | AO140: N.A. | AP140: N.A. | AQ140: N.A. | AR140: N.A.
A141: BRA | B141: 76 | C141: 1993 | D141: N.A. | E141: N.A. | F141: N.A. | G141: N.A. | H141: N.A. | I141: N.A. | J141: N.A. | K141: N.A. | L141: N.A. | M141: N.A. | N141: N.A. | O141: N.A. | P141: N.A. | Q141: N.A. | R141: N.A. | S141: N.A. | T141: N.A. | U141: N.A. | V141: N.A. | W141: N.A. | X141: N.A. | Y141: N.A. | Z141: N.A. | AA141: N.A. | AB141: N.A. | AC141: N.A. | AD141: N.A. | AE141: N.A. | AF141: N.A. | AG141: N.A. | AH141: N.A. | AI141: N.A. | AJ141: N.A. | AK141: N.A. | AL141: N.A. | AM141: N.A. | AN141: N.A. | AO141: N.A. | AP141: N.A. | AQ141: N.A. | AR141: N.A.
A142: BRA | B142: 76 | C142: 1994 | D142: N.A. | E142: N.A. | F142: N.A. | G142: N.A. | H142: N.A. | I142: N.A. | J142: N.A. | K142: N.A. | L142: N.A. | M142: N.A. | N142: N.A. | O142: N.A. | P142: N.A. | Q142: N.A. | R142: N.A. | S142: N.A. | T142: N.A. | U142: N.A. | V142: N.A. | W142: N.A. | X142: N.A. | Y142: N.A. | Z142: N.A. | AA142: N.A. | AB142: N.A. | AC142: N.A. | AD142: N.A. | AE142: N.A. | AF142: N.A. | AG142: N.A. | AH142: N.A. | AI142: N.A. | AJ142: N.A. | AK142: N.A. | AL142: N.A. | AM142: N.A. | AN142: N.A. | AO142: N.A. | AP142: N.A. | AQ142: N.A. | AR142: N.A.
A143: BRA | B143: 76 | C143: 1995 | D143: N.A. | E143: N.A. | F143: N.A. | G143: N.A. | H143: N.A. | I143: N.A. | J143: N.A. | K143: N.A. | L143: N.A. | M143: N.A. | N143: N.A. | O143: N.A. | P143: N.A. | Q143: N.A. | R143: N.A. | S143: N.A. | T143: N.A. | U143: N.A. | V143: N.A. | W143: N.A. | X143: N.A. | Y143: N.A. | Z143: N.A. | AA143: N.A. | AB143: N.A. | AC143: N.A. | AD143: N.A. | AE143: N.A. | AF143: N.A. | AG143: N.A. | AH143: N.A. | AI143: N.A. | AJ143: N.A. | AK143: N.A. | AL143: N.A. | AM143: N.A. | AN143: N.A. | AO143: N.A. | AP143: N.A. | AQ143: N.A. | AR143: N.A.
A144: BRA | B144: 76 | C144: 1996 | D144: N.A. | E144: N.A. | F144: N.A. | G144: N.A. | H144: N.A. | I144: N.A. | J144: N.A. | K144: N.A. | L144: N.A. | M144: N.A. | N144: N.A. | O144: N.A. | P144: N.A. | Q144: N.A. | R144: N.A. | S144: N.A. | T144: N.A. | U144: N.A. | V144: N.A. | W144: N.A. | X144: N.A. | Y144: N.A. | Z144: N.A. | AA144: N.A. | AB144: N.A. | AC144: N.A. | AD144: N.A. | AE144: N.A. | AF144: N.A. | AG144: N.A. | AH144: N.A. | AI144: N.A. | AJ144: N.A. | AK144: N.A. | AL144: N.A. | AM144: N.A. | AN144: N.A. | AO144: N.A. | AP144: N.A. | AQ144: N.A. | AR144: N.A.
A145: BRA | B145: 76 | C145: 1997 | D145: N.A. | E145: N.A. | F145: N.A. | G145: N.A. | H145: N.A. | I145: N.A. | J145: N.A. | K145: N.A. | L145: N.A. | M145: N.A. | N145: N.A. | O145: N.A. | P145: N.A. | Q145: N.A. | R145: N.A. | S145: N.A. | T145: N.A. | U145: N.A. | V145: N.A. | W145: N.A. | X145: N.A. | Y145: N.A. | Z145: N.A. | AA145: N.A. | AB145: N.A. | AC145: N.A. | AD145: N.A. | AE145: N.A. | AF145: N.A. | AG145: N.A. | AH145: N.A. | AI145: N.A. | AJ145: N.A. | AK145: N.A. | AL145: N.A. | AM145: N.A. | AN145: N.A. | AO145: N.A. | AP145: N.A. | AQ145: N.A. | AR145: N.A.
A146: BRA | B146: 76 | C146: 1998 | D146: N.A. | E146: N.A. | F146: N.A. | G146: N.A. | H146: N.A. | I146: N.A. | J146: N.A. | K146: N.A. | L146: N.A. | M146: N.A. | N146: N.A. | O146: N.A. | P146: N.A. | Q146: N.A. | R146: N.A. | S146: N.A. | T146: N.A. | U146: N.A. | V146: N.A. | W146: N.A. | X146: N.A. | Y146: N.A. | Z146: N.A. | AA146: N.A. | AB146: N.A. | AC146: N.A. | AD146: N.A. | AE146: N.A. | AF146: N.A. | AG146: N.A. | AH146: N.A. | AI146: N.A. | AJ146: N.A. | AK146: N.A. | AL146: N.A. | AM146: N.A. | AN146: N.A. | AO146: N.A. | AP146: N.A. | AQ146: N.A. | AR146: N.A.
A147: BRA | B147: 76 | C147: 1999 | D147: N.A. | E147: N.A. | F147: N.A. | G147: N.A. | H147: N.A. | I147: N.A. | J147: N.A. | K147: N.A. | L147: N.A. | M147: N.A. | N147: N.A. | O147: N.A. | P147: N.A. | Q147: N.A. | R147: N.A. | S147: N.A. | T147: N.A. | U147: N.A. | V147: N.A. | W147: N.A. | X147: N.A. | Y147: N.A. | Z147: N.A. | AA147: N.A. | AB147: N.A. | AC147: N.A. | AD147: N.A. | AE147: N.A. | AF147: N.A. | AG147: N.A. | AH147: N.A. | AI147: N.A. | AJ147: N.A. | AK147: N.A. | AL147: N.A. | AM147: N.A. | AN147: N.A. | AO147: N.A. | AP147: N.A. | AQ147: N.A. | AR147: N.A.
A148: BRA | B148: 76 | C148: 2000 | D148: N.A. | E148: N.A. | F148: N.A. | G148: N.A. | H148: N.A. | I148: N.A. | J148: N.A. | K148: N.A. | L148: N.A. | M148: N.A. | N148: N.A. | O148: N.A. | P148: N.A. | Q148: N.A. | R148: N.A. | S148: N.A. | T148: N.A. | U148: N.A. | V148: N.A. | W148: N.A. | X148: N.A. | Y148: N.A. | Z148: N.A. | AA148: N.A. | AB148: N.A. | AC148: N.A. | AD148: N.A. | AE148: N.A. | AF148: N.A. | AG148: N.A. | AH148: N.A. | AI148: N.A. | AJ148: N.A. | AK148: N.A. | AL148: N.A. | AM148: N.A. | AN148: N.A. | AO148: N.A. | AP148: N.A. | AQ148: N.A. | AR148: N.A.
A149: BRA | B149: 76 | C149: 2001 | D149: 0 | E149: 45 | F149: 45 | G149: 0 | H149: 540 | I149: 540 | J149: 360 | K149: 0 | L149: 0 | M149: 0 | N149: 0 | O149: 0 | P149: 0 | Q149: 0 | R149: 0 | S149: 0 | T149: 0 | U149: 0 | V149: 0 | W149: 0 | X149: 0 | Y149: 0 | Z149: 0 | AA149: 0 | AB149: 0 | AC149: 0 | AD149: 0 | AE149: 0 | AF149: 0 | AG149: 0 | AH149: 45 | AI149: 45 | AJ149: 0 | AK149: 540 | AL149: 540 | AM149: 360 | AN149: 45 | AO149: 45 | AP149: 540 | AQ149: 540 | AR149: 540
A150: BRA | B150: 76 | C150: 2002 | D150: 0 | E150: 45 | F150: 45 | G150: 0 | H150: 540 | I150: 540 | J150: 360 | K150: 0 | L150: 0 | M150: 0 | N150: 0 | O150: 0 | P150: 0 | Q150: 0 | R150: 0 | S150: 0 | T150: 0 | U150: 0 | V150: 0 | W150: 0 | X150: 0 | Y150: 0 | Z150: 0 | AA150: 0 | AB150: 0 | AC150: 0 | AD150: 0 | AE150: 0 | AF150: 0 | AG150: 0 | AH150: 45 | AI150: 45 | AJ150: 0 | AK150: 540 | AL150: 540 | AM150: 360 | AN150: 45 | AO150: 45 | AP150: 540 | AQ150: 540 | AR150: 540
A151: BRA | B151: 76 | C151: 2003 | D151: 50 | E151: 80 | F151: 80 | G151: 600 | H151: 960 | I151: 960 | J151: 840 | K151: 0 | L151: 0 | M151: 0 | N151: 0 | O151: 0 | P151: 0 | Q151: 0 | R151: 0 | S151: 0 | T151: 0 | U151: 0 | V151: 0 | W151: 0 | X151: 0 | Y151: 0 | Z151: 0 | AA151: 0 | AB151: 0 | AC151: 0 | AD151: 0 | AE151: 0 | AF151: 0 | AG151: 50 | AH151: 80 | AI151: 80 | AJ151: 600 | AK151: 960 | AL151: 960 | AM151: 840 | AN151: 80 | AO151: 80 | AP151: 960 | AQ151: 960 | AR151: 960
A152: BRA | B152: 76 | C152: 2004 | D152: 50 | E152: 80 | F152: 80 | G152: 600 | H152: 960 | I152: 960 | J152: 840 | K152: 0 | L152: 0 | M152: 0 | N152: 0 | O152: 0 | P152: 0 | Q152: 0 | R152: 0 | S152: 0 | T152: 0 | U152: 0 | V152: 0 | W152: 0 | X152: 0 | Y152: 0 | Z152: 0 | AA152: 0 | AB152: 0 | AC152: 0 | AD152: 0 | AE152: 0 | AF152: 0 | AG152: 50 | AH152: 80 | AI152: 80 | AJ152: 600 | AK152: 960 | AL152: 960 | AM152: 840 | AN152: 80 | AO152: 80 | AP152: 960 | AQ152: 960 | AR152: 960
A153: BRA | B153: 76 | C153: 2005 | D153: 50 | E153: 80 | F153: 80 | G153: 600 | H153: 960 | I153: 960 | J153: 840 | K153: 0 | L153: 0 | M153: 0 | N153: 0 | O153: 0 | P153: 0 | Q153: 0 | R153: 0 | S153: 0 | T153: 0 | U153: 0 | V153: 0 | W153: 0 | X153: 0 | Y153: 0 | Z153: 0 | AA153: 0 | AB153: 0 | AC153: 0 | AD153: 0 | AE153: 0 | AF153: 0 | AG153: 58 | AH153: 94 | AI153: 94 | AJ153: 696 | AK153: 1128 | AL153: 1128 | AM153: 984 | AN153: 94 | AO153: 94 | AP153: 696 | AQ153: 1128 | AR153: 912
A154: BRA | B154: 76 | C154: 2006 | D154: 50 | E154: 80 | F154: 80 | G154: 600 | H154: 960 | I154: 960 | J154: 840 | K154: 0 | L154: 0 | M154: 0 | N154: 0 | O154: 0 | P154: 0 | Q154: 0 | R154: 0 | S154: 0 | T154: 0 | U154: 0 | V154: 0 | W154: 0 | X154: 0 | Y154: 0 | Z154: 0 | AA154: 0 | AB154: 0 | AC154: 0 | AD154: 0 | AE154: 0 | AF154: 0 | AG154: 58 | AH154: 94 | AI154: 94 | AJ154: 696 | AK154: 1128 | AL154: 1128 | AM154: 984 | AN154: 94 | AO154: 94 | AP154: 696 | AQ154: 1128 | AR154: 912
A155: BRA | B155: 76 | C155: 2007 | D155: 58 | E155: 94 | F155: 94 | G155: 696 | H155: 1128 | I155: 1128 | J155: 984 | K155: 0 | L155: 0 | M155: 0 | N155: 0 | O155: 0 | P155: 0 | Q155: 0 | R155: 0 | S155: 0 | T155: 0 | U155: 0 | V155: 0 | W155: 0 | X155: 0 | Y155: 0 | Z155: 0 | AA155: 0 | AB155: 0 | AC155: 0 | AD155: 0 | AE155: 0 | AF155: 0 | AG155: 58 | AH155: 94 | AI155: 94 | AJ155: 696 | AK155: 1128 | AL155: 1128 | AM155: 984 | AN155: 94 | AO155: 94 | AP155: 696 | AQ155: 1128 | AR155: 912
A156: BRA | B156: 76 | C156: 2008 | D156: 62 | E156: 102 | F156: 102 | G156: 744 | H156: 1224 | I156: 1224 | J156: 1064 | K156: 0 | L156: 0 | M156: 0 | N156: 0 | O156: 0 | P156: 0 | Q156: 0 | R156: 0 | S156: 0 | T156: 0 | U156: 0 | V156: 0 | W156: 0 | X156: 0 | Y156: 0 | Z156: 0 | AA156: 0 | AB156: 0 | AC156: 0 | AD156: 0 | AE156: 0 | AF156: 0 | AG156: 60 | AH156: 100 | AI156: 100 | AJ156: 720 | AK156: 1200 | AL156: 1200 | AM156: 1040 | AN156: 100 | AO156: 100 | AP156: 720 | AQ156: 1200 | AR156: 960
A157: BRA | B157: 76 | C157: 2009 | D157: 68 | E157: 112 | F157: 112 | G157: 816 | H157: 1344 | I157: 1344 | J157: 1168 | K157: 0 | L157: 0 | M157: 0 | N157: 0 | O157: 0 | P157: 0 | Q157: 0 | R157: 0 | S157: 0 | T157: 0 | U157: 0 | V157: 0 | W157: 0 | X157: 0 | Y157: 0 | Z157: 0 | AA157: 0 | AB157: 0 | AC157: 0 | AD157: 0 | AE157: 0 | AF157: 0 | AG157: 64 | AH157: 108 | AI157: 108 | AJ157: 768 | AK157: 1296 | AL157: 1296 | AM157: 1120 | AN157: 108 | AO157: 108 | AP157: 768 | AQ157: 1296 | AR157: 1032
A158: BRA | B158: 76 | C158: 2010 | D158: 68 | E158: 112 | F158: 112 | G158: 816 | H158: 1344 | I158: 1344 | J158: 1168 | K158: 0 | L158: 0 | M158: 0 | N158: 0 | O158: 0 | P158: 0 | Q158: 0 | R158: 0 | S158: 0 | T158: 0 | U158: 0 | V158: 0 | W158: 0 | X158: 0 | Y158: 0 | Z158: 0 | AA158: 0 | AB158: 0 | AC158: 0 | AD158: 0 | AE158: 0 | AF158: 0 | AG158: 68 | AH158: 112 | AI158: 112 | AJ158: 816 | AK158: 1344 | AL158: 1344 | AM158: 1168 | AN158: 112 | AO158: 112 | AP158: 816 | AQ158: 1344 | AR158: 1080
A159: BRA | B159: 76 | C159: 2011 | D159: 68 | E159: 112 | F159: 112 | G159: 816 | H159: 1344 | I159: 1344 | J159: 1168 | K159: 0 | L159: 0 | M159: 0 | N159: 0 | O159: 0 | P159: 0 | Q159: 0 | R159: 0 | S159: 0 | T159: 0 | U159: 0 | V159: 0 | W159: 0 | X159: 0 | Y159: 0 | Z159: 0 | AA159: 0 | AB159: 0 | AC159: 0 | AD159: 0 | AE159: 0 | AF159: 0 | AG159: 69.5 | AH159: 133.5 | AI159: 133.5 | AJ159: 834 | AK159: 1602 | AL159: 1602 | AM159: 1346 | AN159: 133.5 | AO159: 133.5 | AP159: 834 | AQ159: 1602 | AR159: 1218
A160: BRA | B160: 76 | C160: 2012 | D160: 70 | E160: 134 | F160: 134 | G160: 840 | H160: 1608 | I160: 1608 | J160: 1352 | K160: 0 | L160: 0 | M160: 0 | N160: 0 | O160: 0 | P160: 0 | Q160: 0 | R160: 0 | S160: 0 | T160: 0 | U160: 0 | V160: 0 | W160: 0 | X160: 0 | Y160: 0 | Z160: 0 | AA160: 0 | AB160: 0 | AC160: 0 | AD160: 0 | AE160: 0 | AF160: 0 | AG160: 70 | AH160: 134 | AI160: 134 | AJ160: 840 | AK160: 1608 | AL160: 1608 | AM160: 1352 | AN160: 134 | AO160: 134 | AP160: 840 | AQ160: 1608 | AR160: 1224
... A167: BRA | B167: 76 | C167: 2019 | D167: 89 | E167: 171 | F167: 171 | G167: 1068 | H167: 2052 | I167: 2052 | J167: 1724 | K167: 0 | L167: 0 | M167: 0 | N167: 0 | O167: 0 | P167: 0 | Q167: 0 | R167: 0 | S167: 0 | T167: 0 | U167: 0 | V167: 0 | W167: 0 | X167: 0 | Y167: 0 | Z167: 0 | AA167: 0 | AB167: 0 | AC167: 0 | AD167: 0 | AE167: 0 | AF167: 0 | AG167: 74.083333 | AH167: 144.08333 | AI167: 144.08333 | AJ167: 889 | AK167: 1729 | AL167: 1729 | AM167: 1449 | AN167: 144.08333 | AO167: 144.08333 | AP167: 889 | AQ167: 1729 | AR167: 1309
A168: BRA | B168: 76 | C168: 2020
A169: BRA | B169: 76 | C169: 2021
A170: BRA | B170: 76 | C170: 2022
A171: BRA | B171: 76 | C171: 2023
A172: CAN | B172: 124 | C172: 1990 | D172: 567 | E172: 1202 | F172: 1379 | G172: 6804 | H172: 14424 | I172: 16548 | J172: 12592 | K172: 161.83333 | L172: 161.83333 | M172: 0 | N172: 0 | O172: 0 | P172: 40.916667 | Q172: 42.10958 | R172: 57.416667 | S172: 0 | T172: 30.5 | U172: 30.5 | V172: 1942 | W172: 1942 | X172: 0 | Y172: 0 | Z172: 0 | AA172: 491 | AB172: 505.31497 | AC172: 689 | AD172: 0 | AE172: 366 | AF172: 366 | AG172: 607.91667 | AH172: 1436.4429 | AI172: 1628.75 | AJ172: 7295 | AK172: 17237.315 | AL172: 19545 | AM172: 14692.438 | AN172: 1436.4429 | AO172: 1628.75 | AP172: 17237.315 | AQ172: 19545 | AR172: 18391.157
A173: CAN | B173: 124 | C173: 1991 | D173: 618 | E173: 1306 | F173: 1496 | G173: 7416 | H173: 15672 | I173: 17952 | J173: 13680 | K173: 164.83333 | L173: 164.83333 | M173: 0 | N173: 0 | O173: 0 | P173: 55.583333 | Q173: 73.126537 | R173: 95.75 | S173: 0 | T173: 32.75 | U173: 32.75 | V173: 1978 | W173: 1978 | X173: 0 | Y173: 0 | Z173: 0 | AA173: 667 | AB173: 877.51844 | AC173: 1149 | AD173: 0 | AE173: 393 | AF173: 393 | AG173: 673.58333 | AH173: 1576.7099 | AI173: 1789.3333 | AJ173: 8083 | AK173: 18920.518 | AL173: 21472 | AM173: 16158.506 | AN173: 1576.7099 | AO173: 1789.3333 | AP173: 18920.518 | AQ173: 21472 | AR173: 20196.259
A174: CAN | B174: 124 | C174: 1992 | D174: 651 | E174: 1353 | F174: 1548 | G174: 7812 | H174: 16236 | I174: 18576 | J174: 14208 | K174: 169.08333 | L174: 169.08333 | M174: 0 | N174: 0 | O174: 0 | P174: 48.583333 | Q174: 65.495941 | R174: 83.583333 | S174: 0 | T174: 33.5 | U174: 33.5 | V174: 2029 | W174: 2029 | X174: 0 | Y174: 0 | Z174: 0 | AA174: 583 | AB174: 785.9513 | AC174: 1003 | AD174: 0 | AE174: 402 | AF174: 402 | AG174: 699.58333 | AH174: 1621.0793 | AI174: 1834.1667 | AJ174: 8395 | AK174: 19452.951 | AL174: 22010 | AM174: 16619.317 | AN174: 1621.0793 | AO174: 1834.1667 | AP174: 19452.951 | AQ174: 22010 | AR174: 20731.476
...

Sheet SaMip 3.0_new currencies
A1: Country | B1: Country.nr | C1: Year | D1: SAsi | E1: SAlp | F1: SAfa | G1: SAsiy | H1: SAlpy | I1: SAfay | J1: SAavey | K1: CSUPPlp | L1: CSUPPfa | M1: HSUPPsi | N1: HSUPPlp | O1: HSUPPfa | P1: TCREDsi | Q1: TCREDlp | R1: TCREDfa | S1: OTHsi | T1: OTHlp | U1: OTHfa | V1: CSUPPlpy | W1: CSUPPfay | X1: HSUPPsiy | Y1: HSUPPlpy | Z1: HSUPPfay | AA1: TCREDsiy | AB1: TCREDlpy | AC1: TCREDfay | AD1: OTHsiy | AE1: OTHlpy | AF1: OTHfay | AG1: MIPsi | AH1: MIPlp | AI1: MIPfa | AJ1: MIPsiy | AK1: MIPlpy | AL1: MIPfay | AM1: MIPavey | AN1: FAlp | AO1: FAfa | AP1: FAlpy | AQ1: FAfay | AR1: FAavey
A2: AUS | B2: 36 | C2: 1990 | D2: 540.58333 | E2: 611.86667 | F2: 965.03333 | G2: 6487 | H2: 7342.4 | I2: 11580.4 | J2: 8469.9333 | K2: 338 | L2: 338 | M2: 108.33333 | N2: 130 | O2: 130 | P2: 0 | Q2: 0 | R2: 0 | S2: 0 | T2: 0 | U2: 0 | V2: 4056 | W2: 4056 | X2: 1300 | Y2: 1560 | Z2: 1560 | AA2: 0 | AB2: 0 | AC2: 0 | AD2: 0 | AE2: 0 | AF2: 0 | AG2: 648.91667 | AH2: 1079.8667 | AI2: 1433.0333 | AJ2: 7787 | AK2: 12958.4 | AL2: 17196.4 | AM2: 12647.267 | AN2: 949.86667 | AO2: 1303.0333 | AP2: 11398.4 | AQ2: 15636.4 | AR2: 13517.4
A3: AUS | B3: 36 | C3: 1991 | D3: 581.96667 | E3: 632.01667 | F3: 1053.8667 | G3: 6983.6 | H3: 7584.2 | I3: 12646.4 | J3: 9071.4 | K3: 369 | L3: 369 | M3: 134.33333 | N3: 156.86667 | O3: 156.86667 | P3: 0 | Q3: 0 | R3: 0 | S3: 0 | T3: 0 | U3: 0 | V3: 4428 | W3: 4428 | X3: 1612 | Y3: 1882.4 | Z3: 1882.4 | AA3: 0 | AB3: 0 | AC3: 0 | AD3: 0 | AE3: 0 | AF3: 0 | AG3: 716.3 | AH3: 1157.8833 | AI3: 1579.7333 | AJ3: 8595.6 | AK3: 13894.6 | AL3: 18956.8 | AM3: 13815.667 | AN3: 1001.0167 | AO3: 1422.8667 | AP3: 12012.2 | AQ3: 17074.4 | AR3: 14543.3
A4: AUS | B4: 36 | C4: 1992 | D4: 601.68333 | E4: 653.46667 | F4: 1089.8333 | G4: 7220.2 | H4: 7841.6 | I4: 13078 | J4: 9379.9333 | K4: 381.55 | L4: 381.55 | M4: 136.28333 | N4: 159.25 | O4: 159.25 | P4: 0 | Q4: 0 | R4: 0 | S4: 0 | T4: 0 | U4: 0 | V4: 4578.6 | W4: 4578.6 | X4: 1635.4 | Y4: 1911 | Z4: 1911 | AA4: 0 | AB4: 0 | AC4: 0 | AD4: 0 | AE4: 0 | AF4: 0 | AG4: 737.96667 | AH4: 1194.2667 | AI4: 1630.6333 | AJ4: 8855.6 | AK4: 14331.2 | AL4: 19567.6 | AM4: 14251.467 | AN4: 1035.0167 | AO4: 1471.3833 | AP4: 12420.2 | AQ4: 17656.6 | AR4: 15038.4
A5: AUS | B5: 36 | C5: 1993 | D5: 610.78333 | E5: 676.22 | F5: 1106.3 | G5: 7329.4 | H5: 8114.64 | I5: 13275.6 | J5: 9573.2133 | K5: 414.05 | L5: 414.05 | M5: 145.6 | N5: 170.08333 | O5: 170.08333 | P5: 0 | Q5: 0 | R5: 0 | S5: 0 | T5: 0 | U5: 0 | V5: 4968.6 | W5: 4968.6 | X5: 1747.2 | Y5: 2041 | Z5: 2041 | AA5: 0 | AB5: 0 | AC5: 0 | AD5: 0 | AE5: 0 | AF5: 0 | AG5: 756.38333 | AH5: 1260.3533 | AI5: 1690.4333 | AJ5: 9076.6 | AK5: 15124.24 | AL5: 20285.2 | AM5: 14828.68 | AN5: 1090.27 | AO5: 1520.35 | AP5: 13083.24 | AQ5: 18244.2 | AR5: 15663.72
A6: AUS | B6: 36 | C6: 1994 | D6: 620.53333 | E6: 689.22 | F6: 1142.7 | G6: 7446.4 | H6: 8270.64 | I6: 13712.4 | J6: 9809.8133 | K6: 427.7 | L6: 427.7 | M6: 148.2 | N6: 173.16 | O6: 173.16 | P6: 0 | Q6: 0 | R6: 0 | S6: 0 | T6: 0 | U6: 0 | V6: 5132.4 | W6: 5132.4 | X6: 1778.4 | Y6: 2077.92 | Z6: 2077.92 | AA6: 0 | AB6: 0 | AC6: 0 | AD6: 0 | AE6: 0 | AF6: 0 | AG6: 768.73333 | AH6: 1290.08 | AI6: 1743.56 | AJ6: 9224.8 | AK6: 15480.96 | AL6: 20922.72 | AM6: 15209.493 | AN6: 1116.92 | AO6: 1570.4 | AP6: 13403.04 | AQ6: 18844.8 | AR6: 16123.92
A7: AUS | B7: 36 | C7: 1995 | D7: 644.15 | E7: 739.1 | F7: 1161.3333 | G7: 7729.8 | H7: 8869.2 | I7: 13936 | J7: 10178.333 | K7: 443.51 | L7: 443.51 | M7: 152.1 | N7: 177.66667 | O7: 177.66667 | P7: 0 | Q7: 0 | R7: 0 | S7: 0 | T7: 0 | U7: 0 | V7: 5322.12 | W7: 5322.12 | X7: 1825.2 | Y7: 2132 | Z7: 2132 | AA7: 0 | AB7: 0 | AC7: 0 | AD7: 0 | AE7: 0 | AF7: 0 | AG7: 796.25 | AH7: 1360.2767 | AI7: 1782.51 | AJ7: 9555 | AK7: 16323.32 | AL7: 21390.12 | AM7: 15756.147 | AN7: 1182.61 | AO7: 1604.8433 | AP7: 14191.32 | AQ7: 19258.12 | AR7: 16724.72
A8: AUS | B8: 36 | C8: 1996 | D8: 672.75 | E8: 798.45 | F8: 1213.3333 | G8: 8073 | H8: 9581.4 | I8: 14560 | J8: 10738.133 | K8: 464.45 | L8: 464.45 | M8: 159.9 | N8: 175.37 | O8: 175.37 | P8: 0 | Q8: 0 | R8: 0 | S8: 0 | T8: 0 | U8: 0 | V8: 5573.4 | W8: 5573.4 | X8: 1918.8 | Y8: 2104.44 | Z8: 2104.44 | AA8: 0 | AB8: 0 | AC8: 0 | AD8: 0 | AE8: 0 | AF8: 0 | AG8: 832.65 | AH8: 1438.27 | AI8: 1853.1533 | AJ8: 9991.8 | AK8: 17259.24 | AL8: 22237.84 | AM8: 16496.293 | AN8: 1262.9 | AO8: 1677.7833 | AP8: 15154.8 | AQ8: 20133.4 | AR8: 17644.1
A9: AUS | B9: 36 | C9: 1997 | D9: 693.76667 | E9: 765.3 | F9: 1248 | G9: 8325.2 | H9: 9183.6 | I9: 14976 | J9: 10828.267 | K9: 613.4 | L9: 613.4 | M9: 162.06667 | N9: 189.36667 | O9: 189.36667 | P9: 0 | Q9: 0 | R9: 0 | S9: 0 | T9: 0 | U9: 0 | V9: 7360.8 | W9: 7360.8 | X9: 1944.8 | Y9: 2272.4 | Z9: 2272.4 | AA9: 0 | AB9: 0 | AC9: 0 | AD9: 0 | AE9: 0 | AF9: 0 | AG9: 855.83333 | AH9: 1568.0667 | AI9: 2050.7667 | AJ9: 10270 | AK9: 18816.8 | AL9: 24609.2 | AM9: 17898.667 | AN9: 1378.7 | AO9: 1861.4 | AP9: 16544.4 | AQ9: 22336.8 | AR9: 19440.6
A10: AUS | B10: 36 | C10: 1998 | D10: 696.58333 | E10: 798.45 | F10: 1256.6667 | G10: 8359 | H10: 9581.4 | I10: 15080 | J10: 11006.8 | K10: 621.5 | L10: 621.5 | M10: 162.93333 | N10: 190.40667 | O10: 190.40667 | P10: 0 | Q10: 0 | R10: 0 | S10: 0 | T10: 0 | U10: 0 | V10: 7458 | W10: 7458 | X10: 1955.2 | Y10: 2284.88 | Z10: 2284.88 | AA10: 0 | AB10: 0 | AC10: 0 | AD10: 0 | AE10: 0 | AF10: 0 | AG10: 859.51667 | AH10: 1610.3567 | AI10: 2068.5733 | AJ10: 10314.2 | AK10: 19324.28 | AL10: 24822.88 | AM10: 18153.787 | AN10: 1419.95 | AO10: 1878.1667 | AP10: 17039.4 | AQ10: 22538 | AR10: 19788.7
A11: AUS | B11: 36 | C11: 1999 | D11: 700.7 | E11: 805.8 | F11: 1264.4667 | G11: 8408.4 | H11: 9669.6 | I11: 15173.6 | J11: 11083.867 | K11: 629.6 | L11: 629.6 | M11: 164.23333 | N11: 191.92333 | O11: 191.92333 | P11: 0 | Q11: 0 | R11: 0 | S11: 0 | T11: 0 | U11: 0 | V11: 7555.2 | W11: 7555.2 | X11: 1970.8 | Y11: 2303.08 | Z11: 2303.08 | AA11: 0 | AB11: 0 | AC11: 0 | AD11: 0 | AE11: 0 | AF11: 0 | AG11: 864.93333 | AH11: 1627.3233 | AI11: 2085.99 | AJ11: 10379.2 | AK11: 19527.88 | AL11: 25031.88 | AM11: 18312.987 | AN11: 1435.4 | AO11: 1894.0667 | AP11: 17224.8 | AQ11: 22728.8 | AR11: 19976.8
A12: AUS | B12: 36 | C12: 2000 | D12: 707.85 | E12: 798.45 | F12: 1277.0333 | G12: 8494.2 | H12: 9581.4 | I12: 15324.4 | J12: 11133.333 | K12: 783.35 | L12: 783.35 | M12: 184.63 | N12: 215.65 | O12: 215.65 | P12: 0 | Q12: 0 | R12: 0 | S12: 0 | T12: 0 | U12: 0 | V12: 9400.2 | W12: 9400.2 | X12: 2215.56 | Y12: 2587.8 | Z12: 2587.8 | AA12: 0 | AB12: 0 | AC12: 0 | AD12: 0 | AE12: 0 | AF12: 0 | AG12: 892.48 | AH12: 1797.45 | AI12: 2276.0333 | AJ12: 10709.76 | AK12: 21569.4 | AL12: 27312.4 | AM12: 19863.853 | AN12: 1581.8 | AO12: 2060.3833 | AP12: 18981.6 | AQ12: 24724.6 | AR12: 21853.1
A13: AUS | B13: 36 | C13: 2001 | D13: 760.06667 | E13: 883.6 | F13: 1371.0667 | G13: 9120.8 | H13: 10603.2 | I13: 16452.8 | J13: 12058.933 | K13: 937.1 | L13: 937.1 | M13: 190.66667 | N13: 222.69 | O13: 222.69 | P13: 0 | Q13: 0 | R13: 0 | S13: 0 | T13: 0 | U13: 0 | V13: 11245.2 | W13: 11245.2 | X13: 2288 | Y13: 2672.28 | Z13: 2672.28 | AA13: 0 | AB13: 0 | AC13: 0 | AD13: 0 | AE13: 0 | AF13: 0 | AG13: 950.73333 | AH13: 2043.39 | AI13: 2530.8567 | AJ13: 11408.8 | AK13: 24520.68 | AL13: 30370.28 | AM13: 22099.92 | AN13: 1820.7 | AO13: 2308.1667 | AP13: 21848.4 | AQ13: 27698 | AR13: 24773.2
... A34: AUS | B34: 36 | C34: 2022 | D34: 1382.9833 | E34: 1556.9667 | F34: 2518.5333 | G34: 16595.8 | H34: 18683.6 | I34: 30222.4 | J34: 21833.933 | K34: 1726.792 | L34: 1214.9167 | M34: 309.4 | N34: 365 | O34: 365 | P34: 0 | Q34: 0 | R34: 0 | S34: 0 | T34: 0 | U34: 0 | V34: 20721.504 | W34: 14579 | X34: 3712.8 | Y34: 4380 | Z34: 4380 | AA34: 0 | AB34: 0 | AC34: 0 | AD34: 0 | AE34: 0 | AF34: 0 | AG34: 1692.3833 | AH34: 3648.7587 | AI34: 4098.45 | AJ34: 20308.6 | AK34: 43785.104 | AL34: 49181.4 | AM34: 37758.368 | AN34: 3283.7587 | AO34: 3733.45 | AP34: 39405.104 | AQ34: 44801.4 | AR34: 42103.252
A35: AUS | B35: 36 | C35: 2023
A36: AUT | B36: 40 | C36: 1990 | D36: 275.6057 | E36: 441.5798 | F36: 579.7098 | G36: 3307.2684 | H36: 5298.9576 | I36: 6956.5176 | J36: 5187.5812 | K36: 207.195 | L36: 207.195 | M36: 173.3168 | N36: 173.3168 | O36: 173.3168 | P36: 0 | Q36: 0 | R36: 0 | S36: 0 | T36: 0 | U36: 0 | V36: 2486.34 | W36: 2486.34 | X36: 2079.8016 | Y36: 2079.8016 | Z36: 2079.8016 | AA36: 0 | AB36: 0 | AC36: 0 | AD36: 0 | AE36: 0 | AF36: 0 | AG36: 448.9225 | AH36: 822.0916 | AI36: 960.2216 | AJ36: 5387.07 | AK36: 9865.0992 | AL36: 11522.659 | AM36: 8924.9428 | AN36: 648.7748 | AO36: 786.9048 | AP36: 7785.2976 | AQ36: 9442.8576 | AR36: 8614.0776
A37: AUT | B37: 40 | C37: 1991 | D37: 275.6057 | E37: 441.5798 | F37: 579.7098 | G37: 3307.2684 | H37: 5298.9576 | I37: 6956.5176 | J37: 5187.5812 | K37: 207.195 | L37: 207.195 | M37: 173.3168 | N37: 173.3168 | O37: 173.3168 | P37: 0 | Q37: 0 | R37: 0 | S37: 0 | T37: 0 | U37: 0 | V37: 2486.34 | W37: 2486.34 | X37: 2079.8016 | Y37: 2079.8016 | Z37: 2079.8016 | AA37: 0 | AB37: 0 | AC37: 0 | AD37: 0 | AE37: 0 | AF37: 0 | AG37: 448.9225 | AH37: 822.0916 | AI37: 960.2216 | AJ37: 5387.07 | AK37: 9865.0992 | AL37: 11522.659 | AM37: 8924.9428 | AN37: 648.7748 | AO37: 786.9048 | AP37: 7785.2976 | AQ37: 9442.8576 | AR37: 8614.0776
A38: AUT | B38: 40 | C38: 1992 | D38: 316.245 | E38: 499.449 | F38: 657.935 | G38: 3794.94 | H38: 5993.388 | I38: 7895.22 | J38: 5894.516 | K38: 207.195 | L38: 207.195 | M38: 195.4903 | N38: 195.4903 | O38: 195.4903 | P38: 0 | Q38: 0 | R38: 0 | S38: 0 | T38: 0 | U38: 0 | V38: 2486.34 | W38: 2486.34 | X38: 2345.8836 | Y38: 2345.8836 | Z38: 2345.8836 | AA38: 0 | AB38: 0 | AC38: 0 | AD38: 0 | AE38: 0 | AF38: 0 | AG38: 511.7353 | AH38: 902.1343 | AI38: 1060.6203 | AJ38: 6140.8236 | AK38: 10825.612 | AL38: 12727.444 | AM38: 9897.9596 | AN38: 706.644 | AO38: 865.13 | AP38: 8479.728 | AQ38: 10381.56 | AR38: 9430.644
A39: AUT | B39: 40 | C39: 1993 | D39: 329.331 | E39: 519.078 | F39: 684.107 | G39: 3951.972 | H39: 6228.936 | I39: 8209.284 | J39: 6130.064 | K39: 301.09941 | L39: 301.09941 | M39: 201.9606 | N39: 201.9606 | O39: 201.9606 | P39: 0 | Q39: 0 | R39: 0 | S39: 0 | T39: 0 | U39: 0 | V39: 3613.1929 | W39: 3613.1929 | X39: 2423.5272 | Y39: 2423.5272 | Z39: 2423.5272 | AA39: 0 | AB39: 0 | AC39: 0 | AD39: 0 | AE39: 0 | AF39: 0 | AG39: 531.2916 | AH39: 1022.138 | AI39: 1187.167 | AJ39: 6375.4992 | AK39: 12265.656 | AL39: 14246.004 | AM39: 10962.386 | AN39: 820.17741 | AO39: 985.20641 | AP39: 9842.1289 | AQ39: 11822.477 | AR39: 10832.303
A40: AUT | B40: 40 | C40: 1994 | D40: 337.328 | E40: 539.7248 | F40: 700.2464 | G40: 4047.936 | H40: 6476.6976 | I40: 8402.9568 | J40: 6309.1968 | K40: 301.09941 | L40: 301.09941 | M40: 208.4309 | N40: 208.4309 | O40: 208.4309 | P40: 0 | Q40: 0 | R40: 0 | S40: 0 | T40: 0 | U40: 0 | V40: 3613.1929 | W40: 3613.1929 | X40: 2501.1708 | Y40: 2501.1708 | Z40: 2501.1708 | AA40: 0 | AB40: 0 | AC40: 0 | AD40: 0 | AE40: 0 | AF40: 0 | AG40: 545.7589 | AH40: 1049.2551 | AI40: 1209.7767 | AJ40: 6549.1068 | AK40: 12591.061 | AL40: 14517.321 | AM40: 11219.163 | AN40: 840.82421 | AO40: 1001.3458 | AP40: 10089.891 | AQ40: 12016.15 | AR40: 11053.02
A41: AUT | B41: 40 | C41: 1995 | D41: 346.779 | E41: 554.8464 | F41: 719.8754 | G41: 4161.348 | H41: 6658.1568 | I41: 8638.5048 | J41: 6486.0032 | K41: 301.09941 | L41: 301.09941 | M41: 214.3196 | N41: 214.3196 | O41: 214.3196 | P41: 0 | Q41: 0 | R41: 0 | S41: 0 | T41: 0 | U41: 0 | V41: 3613.1929 | W41: 3613.1929 | X41: 2571.8352 | Y41: 2571.8352 | Z41: 2571.8352 | AA41: 0 | AB41: 0 | AC41: 0 | AD41: 0 | AE41: 0 | AF41: 0 | AG41: 561.0986 | AH41: 1070.2654 | AI41: 1235.2944 | AJ41: 6733.1832 | AK41: 12843.185 | AL41: 14823.533 | AM41: 11466.634 | AN41: 855.94581 | AO41: 1020.9748 | AP41: 10271.35 | AQ41: 12251.698 | AR41: 11261.524
A42: AUT | B42: 40 | C42: 1996 | D42: 354.776 | E42: 567.6416 | F42: 736.451 | G42: 4257.312 | H42: 6811.6992 | I42: 8837.412 | J42: 6635.4744 | K42: 301.09941 | L42: 301.09941 | M42: 225.37 | N42: 227.74511 | O42: 227.74511 | P42: 0 | Q42: 0 | R42: 0 | S42: 0 | T42: 0 | U42: 0 | V42: 3613.1929 | W42: 3613.1929 | X42: 2704.44 | Y42: 2732.9413 | Z42: 2732.9413 | AA42: 0 | AB42: 0 | AC42: 0 | AD42: 0 | AE42: 0 | AF42: 0 | AG42: 580.146 | AH42: 1096.4861 | AI42: 1265.2955 | AJ42: 6961.752 | AK42: 13157.833 | AL42: 15183.546 | AM42: 11767.711 | AN42: 868.74101 | AO42: 1037.5504 | AP42: 10424.892 | AQ42: 12450.605 | AR42: 11437.749
A43: AUT | B43: 40 | C43: 1997 | D43: 354.776 | E43: 567.6416 | F43: 778.4716 | G43: 4257.312 | H43: 6811.6992 | I43: 9341.6592 | J43: 6803.5568 | K43: 301.09941 | L43: 301.09941 | M43: 236.4204 | N43: 241.16989 | O43: 241.16989 | P43: 0 | Q43: 0 | R43: 0 | S43: 0 | T43: 0 | U43: 0 | V43: 3613.1929 | W43: 3613.1929 | X43: 2837.0448 | Y43: 2894.0387 | Z43: 2894.0387 | AA43: 0 | AB43: 0 | AC43: 0 | AD43: 0 | AE43: 0 | AF43: 0 | AG43: 591.1964 | AH43: 1109.9109 | AI43: 1320.7409 | AJ43: 7094.3568 | AK43: 13318.931 | AL43: 15848.891 | AM43: 12087.393 | AN43: 868.74101 | AO43: 1079.571 | AP43: 10424.892 | AQ43: 12954.852 | AR43: 11689.872
A44: AUT | B44: 40 | C44: 1998 | D44: 358.3383 | E44: 573.3122 | F44: 767.9301 | G44: 4300.0596 | H44: 6879.7464 | I44: 9215.1612 | J44: 6798.3224 | K44: 301.09941 | L44: 301.09941 | M44: 247.4708 | N44: 254.5954 | O44: 254.5954 | P44: 0 | Q44: 0 | R44: 0 | S44: 0 | T44: 0 | U44: 0 | V44: 3613.1929 | W44: 3613.1929 | X44: 2969.6496 | Y44: 3055.1448 | Z44: 3055.1448 | AA44: 0 | AB44: 0 | AC44: 0 | AD44: 0 | AE44: 0 | AF44: 0 | AG44: 605.8091 | AH44: 1129.007 | AI44: 1323.6249 | AJ44: 7269.7092 | AK44: 13548.084 | AL44: 15883.499 | AM44: 12233.764 | AN44: 874.41161 | AO44: 1069.0295 | AP44: 10492.939 | AQ44: 12828.354 | AR44: 11660.647
A45: AUT | B45: 40 | C45: 1999 | D45: 364.8813 | E45: 583.7083 | F45: 757.3159 | G45: 4378.5756 | H45: 7004.4996 | I45: 9087.7908 | J45: 6823.622 | K45: 337.44941 | L45: 337.44941 | M45: 258.5212 | N45: 268.02091 | O45: 268.02091 | P45: 0 | Q45: 0 | R45: 0 | S45: 0 | T45: 0 | U45: 0 | V45: 4049.3929 | W45: 4049.3929 | X45: 3102.2544 | Y45: 3216.2509 | Z45: 3216.2509 | AA45: 0 | AB45: 0 | AC45: 0 | AD45: 0 | AE45: 0 | AF45: 0 | AG45: 623.4025 | AH45: 1189.1786 | AI45: 1362.7862 | AJ45: 7480.83 | AK45: 14270.143 | AL45: 16353.435 | AM45: 12701.469 | AN45: 921.15771 | AO45: 1094.7653 | AP45: 11053.893 | AQ45: 13137.184 | AR45: 12095.538
A46: AUT | B46: 40 | C46: 2000 | D46: 373.8234 | E46: 595.413 | F46: 772.4375 | G46: 4485.8808 | H46: 7144.956 | I46: 9269.25 | J46: 6966.6956 | K46: 343.5075 | L46: 343.5075 | M46: 269.5716 | N46: 281.44569 | O46: 281.44569 | P46: 0 | Q46: 0 | R46: 0 | S46: 0 | T46: 0 | U46: 0 | V46: 4122.09 | W46: 4122.09 | X46: 3234.8592 | Y46: 3377.3483 | Z46: 3377.3483 | AA46: 0 | AB46: 0 | AC46: 0 | AD46: 0 | AE46: 0 | AF46: 0 | AG46: 643.395 | AH46: 1220.3662 | AI46: 1397.3907 | AJ46: 7720.74 | AK46: 14644.394 | AL46: 16768.688 | AM46: 13044.608 | AN46: 938.9205 | AO46: 1115.945 | AP46: 11267.046 | AQ46: 13391.34 | AR46: 12329.193
A47: AUT | B47: 40 | C47: 2001 | D47: 379.494 | E47: 607.045 | F47: 787.5591 | G47: 4553.928 | H47: 7284.54 | I47: 9450.7092 | J47: 7096.3924 | K47: 343.5075 | L47: 343.5075 | M47: 280.622 | N47: 294.8712 | O47: 294.8712 | P47: 0 | Q47: 30.291667 | R47: 30.291667 | S47: 0 | T47: 0 | U47: 0 | V47: 4122.09 | W47: 4122.09 | X47: 3367.464 | Y47: 3538.4544 | Z47: 3538.4544 | AA47: 0 | AB47: 363.5 | AC47: 363.5 | AD47: 0 | AE47: 0 | AF47: 0 | AG47: 660.116 | AH47: 1275.7154 | AI47: 1456.2295 | AJ47: 7921.392 | AK47: 15308.584 | AL47: 17474.754 | AM47: 13568.243 | AN47: 980.84417 | AO47: 1161.3583 | AP47: 11770.13 | AQ47: 13936.299 | AR47: 12853.215
... A68: AUT | B68: 40 | C68: 2022 | D68: 758.37505 | E68: 1286.6558 | F68: 1653.8847 | G68: 9100.5006 | H68: 15439.869 | I68: 19846.616 | J68: 14795.662 | K68: 411.22033 | L68: 411.22033 | M68: 365.62829 | N68: 383.34324 | O68: 383.34324 | P68: 0 | Q68: 55.77084 | R68: 55.77084 | S68: 0 | T68: 0 | U68: 0 | V68: 4934.6439 | W68: 4934.6439 | X68: 4387.5395 | Y68: 4600.1189 | Z68: 4600.1189 | AA68: 0 | AB68: 669.25008 | AC68: 669.25008 | AD68: 0 | AE68: 0 | AF68: 0 | AG68: 1124.0033 | AH68: 2136.9902 | AI68: 2504.2191 | AJ68: 13488.04 | AK68: 25643.882 | AL68: 30050.629 | AM68: 23060.85 | AN68: 1753.647 | AO68: 2120.8758 | AP68: 21043.763 | AQ68: 25450.51 | AR68: 23247.137
A69: AUT | B69: 40 | C69: 2023
A70: BEL | B70: 56 | C70: 1990 | D70: 429.1144 | E70: 572.136 | F70: 572.136 | G70: 5149.3728 | H70: 6865.632 | I70: 6865.632 | J70: 6293.5456 | K70: 236.778 | L70: 236.778 | M70: 0 | N70: 0 | O70: 0 | P70: 0 | Q70: 0 | R70: 0 | S70: 0 | T70: 0 | U70: 0 | V70: 2841.336 | W70: 2841.336 | X70: 0 | Y70: 0 | Z70: 0 | AA70: 0 | AB70: 0 | AC70: 0 | AD70: 0 | AE70: 0 | AF70: 0 | AG70: 429.1144 | AH70: 808.914 | AI70: 808.914 | AJ70: 5149.3728 | AK70: 9706.968 | AL70: 9706.968 | AM70: 8187.7696 | AN70: 808.914 | AO70: 808.914 | AP70: 9706.968 | AQ70: 9706.968 | AR70: 9706.968
A71: BEL | B71: 56 | C71: 1991 | D71: 455.3776 | E71: 576.7984 | F71: 576.7984 | G71: 5464.5312 | H71: 6921.5808 | I71: 6921.5808 | J71: 6435.8976 | K71: 256.8846 | L71: 256.8846 | M71: 0 | N71: 0 | O71: 0 | P71: 0 | Q71: 0 | R71: 0 | S71: 0 | T71: 0 | U71: 0 | V71: 3082.6152 | W71: 3082.6152 | X71: 0 | Y71: 0 | Z71: 0 | AA71: 0 | AB71: 0 | AC71: 0 | AD71: 0 | AE71: 0 | AF71: 0 | AG71: 455.3776 | AH71: 833.683 | AI71: 833.683 | AJ71: 5464.5312 | AK71: 10004.196 | AL71: 10004.196 | AM71: 8490.9744 | AN71: 833.683 | AO71: 833.683 | AP71: 10004.196 | AQ71: 10004.196 | AR71: 10004.196
A72: BEL | B72: 56 | C72: 1992 | D72: 464.4792 | E72: 619.2808 | F72: 619.2808 | G72: 5573.7504 | H72: 7431.3696 | I72: 7431.3696 | J72: 6812.1632 | K72: 276.9912 | L72: 276.9912 | M72: 0 | N72: 0 | O72: 0 | P72: 0 | Q72: 0 | R72: 0 | S72: 0 | T72: 0 | U72: 0 | V72: 3323.8944 | W72: 3323.8944 | X72: 0 | Y72: 0 | Z72: 0 | AA72: 0 | AB72: 0 | AC72: 0 | AD72: 0 | AE72: 0 | AF72: 0 | AG72: 464.4792 | AH72: 896.272 | AI72: 896.272 | AJ72: 5573.7504 | AK72: 10755.264 | AL72: 10755.264 | AM72: 9028.0928 | AN72: 896.272 | AO72: 896.272 | AP72: 10755.264 | AQ72: 10755.264 | AR72: 10755.264
A73: BEL | B73: 56 | C73: 1993 | D73: 483.228 | E73: 644.304 | F73: 644.304 | G73: 5798.736 | H73: 7731.648 | I73: 7731.648 | J73: 7087.344 | K73: 283.1168 | L73: 283.1168 | M73: 0 | N73: 0 | O73: 0 | P73: 0 | Q73: 0 | R73: 0 | S73: 0 | T73: 0 | U73: 0 | V73: 3397.4016 | W73: 3397.4016 | X73: 0 | Y73: 0 | Z73: 0 | AA73: 0 | AB73: 0 | AC73: 0 | AD73: 0 | AE73: 0 | AF73: 0 | AG73: 483.228 | AH73: 927.4208 | AI73: 927.4208 | AJ73: 5798.736 | AK73: 11129.05 | AL73: 11129.05 | AM73: 9352.2784 | AN73: 927.4208 | AO73: 927.4208 | AP73: 11129.05 | AQ73: 11129.05 | AR73: 11129.05
A74: BEL | B74: 56 | C74: 1994 | D74: 488.7832 | E74: 651.7192 | F74: 651.7192 | G74: 5865.3984 | H74: 7820.6304 | I74: 7820.6304 | J74: 7168.8864 | K74: 289.2424 | L74: 289.2424 | M74: 0 | N74: 0 | O74: 0 | P74: 0 | Q74: 0 | R74: 0 | S74: 0 | T74: 0 | U74: 0 | V74: 3470.9088 | W74: 3470.9088 | X74: 0 | Y74: 0 | Z74: 0 | AA74: 0 | AB74: 0 | AC74: 0 | AD74: 0 | AE74: 0 | AF74: 0 | AG74: 488.7832 | AH74: 940.9616 | AI74: 940.9616 | AJ74: 5865.3984 | AK74: 11291.539 | AL74: 11291.539 | AM74: 9482.8256 | AN74: 940.9616 | AO74: 940.9616 | AP74: 11291.539 | AQ74: 11291.539 | AR74: 11291.539
A75: BEL | B75: 56 | C75: 1995 | D75: 498.5544 | E75: 664.764 | F75: 664.764 | G75: 5982.6528 | H75: 7977.168 | I75: 7977.168 | J75: 7312.3296 | K75: 295.368 | L75: 295.368 | M75: 0 | N75: 0 | O75: 0 | P75: 0 | Q75: 0 | R75: 0 | S75: 0 | T75: 0 | U75: 0 | V75: 3544.416 | W75: 3544.416 | X75: 0 | Y75: 0 | Z75: 0 | AA75: 0 | AB75: 0 | AC75: 0 | AD75: 0 | AE75: 0 | AF75: 0 | AG75: 498.5544 | AH75: 960.132 | AI75: 960.132 | AJ75: 5982.6528 | AK75: 11521.584 | AL75: 11521.584 | AM75: 9675.2736 | AN75: 960.132 | AO75: 960.132 | AP75: 11521.584 | AQ75: 11521.584 | AR75: 11521.584
A76: BEL | B76: 56 | C76: 1996 | D76: 508.524 | E76: 678.0568 | F76: 678.0568 | G76: 6102.288 | H76: 8136.6816 | I76: 8136.6816 | J76: 7458.5504 | K76: 301.32 | L76: 301.32 | M76: 0 | N76: 0 | O76: 0 | P76: 0 | Q76: 0 | R76: 0 | S76: 0 | T76: 0 | U76: 0 | V76: 3615.84 | W76: 3615.84 | X76: 0 | Y76: 0 | Z76: 0 | AA76: 0 | AB76: 0 | AC76: 0 | AD76: 0 | AE76: 0 | AF76: 0 | AG76: 508.524 | AH76: 979.3768 | AI76: 979.3768 | AJ76: 6102.288 | AK76: 11752.522 | AL76: 11752.522 | AM76: 9869.1104 | AN76: 979.3768 | AO76: 979.3768 | AP76: 11752.522 | AQ76: 11752.522 | AR76: 11752.522
A77: BEL | B77: 56 | C77: 1997 | D77: 508.524 | E77: 678.0568 | F77: 678.0568 | G77: 6102.288 | H77: 8136.6816 | I77: 8136.6816 | J77: 7458.5504 | K77: 307.272 | L77: 307.272 | M77: 0 | N77: 0 | O77: 0 | P77: 0 | Q77: 0 | R77: 0 | S77: 0 | T77: 0 | U77: 0 | V77: 3687.264 | W77: 3687.264 | X77: 0 | Y77: 0 | Z77: 0 | AA77: 0 | AB77: 0 | AC77: 0 | AD77: 0 | AE77: 0 | AF77: 0 | AG77: 508.524 | AH77: 985.3288 | AI77: 985.3288 | AJ77: 6102.288 | AK77: 11823.946 | AL77: 11823.946 | AM77: 9916.7264 | AN77: 985.3288 | AO77: 985.3288 | AP77: 11823.946 | AQ77: 11823.946 | AR77: 11823.946
A78: BEL | B78: 56 | C78: 1998 | D78: 518.7168 | E78: 691.6224 | F78: 691.6224 | G78: 6224.6016 | H78: 8299.4688 | I78: 8299.4688 | J78: 7607.8464 | K78: 304.42 | L78: 304.42 | M78: 0 | N78: 0 | O78: 0 | P78: 0 | Q78: 0 | R78: 0 | S78: 0 | T78: 0 | U78: 0 | V78: 3653.04 | W78: 3653.04 | X78: 0 | Y78: 0 | Z78: 0 | AA78: 0 | AB78: 0 | AC78: 0 | AD78: 0 | AE78: 0 | AF78: 0 | AG78: 518.7168 | AH78: 996.0424 | AI78: 996.0424 | AJ78: 6224.6016 | AK78: 11952.509 | AL78: 11952.509 | AM78: 10043.206 | AN78: 996.0424 | AO78: 996.0424 | AP78: 11952.509 | AQ78: 11952.509 | AR78: 11952.509
A79: BEL | B79: 56 | C79: 1999 | D79: 524.1232 | E79: 705.436 | F79: 705.436 | G79: 6289.4784 | H79: 8465.232 | I79: 8465.232 | J79: 7739.9808 | K79: 301.568 | L79: 301.568 | M79: 0 | N79: 0 | O79: 0 | P79: 0 | Q79: 0 | R79: 0 | S79: 0 | T79: 0 | U79: 0 | V79: 3618.816 | W79: 3618.816 | X79: 0 | Y79: 0 | Z79: 0 | AA79: 0 | AB79: 0 | AC79: 0 | AD79: 0 | AE79: 0 | AF79: 0 | AG79: 524.1232 | AH79: 1007.004 | AI79: 1007.004 | AJ79: 6289.4784 | AK79: 12084.048 | AL79: 12084.048 | AM79: 10152.525 | AN79: 1007.004 | AO79: 1007.004 | AP79: 12084.048 | AQ79: 12084.048 | AR79: 12084.048
A80: BEL | B80: 56 | C80: 2000 | D80: 539.6728 | E80: 719.572 | F80: 719.572 | G80: 6476.0736 | H80: 8634.864 | I80: 8634.864 | J80: 7915.2672 | K80: 312.9264 | L80: 312.9264 | M80: 0 | N80: 0 | O80: 0 | P80: 0 | Q80: 0 | R80: 0 | S80: 0 | T80: 0 | U80: 0 | V80: 3755.1168 | W80: 3755.1168 | X80: 0 | Y80: 0 | Z80: 0 | AA80: 0 | AB80: 0 | AC80: 0 | AD80: 0 | AE80: 0 | AF80: 0 | AG80: 539.6728 | AH80: 1032.4984 | AI80: 1032.4984 | AJ80: 6476.0736 | AK80: 12389.981 | AL80: 12389.981 | AM80: 10418.678 | AN80: 1032.4984 | AO80: 1032.4984 | AP80: 12389.981 | AQ80: 12389.981 | AR80: 12389.981
A81: BEL | B81: 56 | C81: 2001 | D81: 550.4608 | E81: 733.956 | F81: 733.956 | G81: 6605.5296 | H81: 8807.472 | I81: 8807.472 | J81: 8073.4912 | K81: 324.2848 | L81: 324.2848 | M81: 0 | N81: 0 | O81: 0 | P81: 0 | Q81: 0 | R81: 0 | S81: 0 | T81: 0 | U81: 0 | V81: 3891.4176 | W81: 3891.4176 | X81: 0 | Y81: 0 | Z81: 0 | AA81: 0 | AB81: 0 | AC81: 0 | AD81: 0 | AE81: 0 | AF81: 0 | AG81: 550.4608 | AH81: 1058.2408 | AI81: 1058.2408 | AJ81: 6605.5296 | AK81: 12698.89 | AL81: 12698.89 | AM81: 10667.77 | AN81: 1058.2408 | AO81: 1058.2408 | AP81: 12698.89 | AQ81: 12698.89 | AR81: 12698.89
... A102: BEL | B102: 56 | C102: 2022 | D102: 1072.7606 | E102: 1474.7832 | F102: 1499.7939 | G102: 12873.127 | H102: 17697.398 | I102: 17997.527 | J102: 16189.351 | K102: 495.44605 | L102: 476.29616 | M102: 0 | N102: 0 | O102: 0 | P102: 0 | Q102: 80.034362 | R102: 80.034362 | S102: 0 | T102: 0 | U102: 0 | V102: 5945.3526 | W102: 5715.5539 | X102: 0 | Y102: 0 | Z102: 0 | AA102: 0 | AB102: 960.41234 | AC102: 960.41234 | AD102: 0 | AE102: 0 | AF102: 0 | AG102: 1072.7606 | AH102: 2050.2636 | AI102: 2056.1244 | AJ102: 12873.127 | AK102: 24603.163 | AL102: 24673.493 | AM102: 20716.594 | AN102: 2050.2636 | AO102: 2056.1244 | AP102: 24603.163 | AQ102: 24673.493 | AR102: 24638.328
A103: BEL | B103: 56 | C103: 2023
A104: BGR | B104: 100 | C104: 1990 | D104: N.A. | E104: N.A. | F104: N.A. | G104: N.A. | H104: N.A. | I104: N.A. | J104: N.A. | K104: N.A. | L104: N.A. | M104: N.A. | N104: N.A. | O104: N.A. | P104: N.A. | Q104: N.A. | R104: N.A. | S104: N.A. | T104: N.A. | U104: N.A. | V104: N.A. | W104: N.A. | X104: N.A. | Y104: N.A. | Z104: N.A. | AA104: N.A. | AB104: N.A. | AC104: N.A. | AD104: N.A. | AE104: N.A. | AF104: N.A. | AG104: N.A. | AH104: N.A. | AI104: N.A. | AJ104: N.A. | AK104: N.A. | AL104: N.A. | AM104: N.A. | AN104: N.A. | AO104: N.A. | AP104: N.A. | AQ104: N.A. | AR104: N.A.
A105: BGR | B105: 100 | C105: 1991 | D105: N.A. | E105: N.A. | F105: N.A. | G105: N.A. | H105: N.A. | I105: N.A. | J105: N.A. | K105: N.A. | L105: N.A. | M105: N.A. | N105: N.A. | O105: N.A. | P105: N.A. | Q105: N.A. | R105: N.A. | S105: N.A. | T105: N.A. | U105: N.A. | V105: N.A. | W105: N.A. | X105: N.A. | Y105: N.A. | Z105: N.A. | AA105: N.A. | AB105: N.A. | AC105: N.A. | AD105: N.A. | AE105: N.A. | AF105: N.A. | AG105: N.A. | AH105: N.A. | AI105: N.A. | AJ105: N.A. | AK105: N.A. | AL105: N.A. | AM105: N.A. | AN105: N.A. | AO105: N.A. | AP105: N.A. | AQ105: N.A. | AR105: N.A.
A106: BGR | B106: 100 | C106: 1992 | D106: N.A. | E106: N.A. | F106: N.A. | G106: N.A. | H106: N.A. | I106: N.A. | J106: N.A. | K106: N.A. | L106: N.A. | M106: N.A. | N106: N.A. | O106: N.A. | P106: N.A. | Q106: N.A. | R106: N.A. | S106: N.A. | T106: N.A. | U106: N.A. | V106: N.A. | W106: N.A. | X106: N.A. | Y106: N.A. | Z106: N.A. | AA106: N.A. | AB106: N.A. | AC106: N.A. | AD106: N.A. | AE106: N.A. | AF106: N.A. | AG106: N.A. | AH106: N.A. | AI106: N.A. | AJ106: N.A. | AK106: N.A. | AL106: N.A. | AM106: N.A. | AN106: N.A. | AO106: N.A. | AP106: N.A. | AQ106: N.A. | AR106: N.A.
A107: BGR | B107: 100 | C107: 1993 | D107: N.A. | E107: N.A. | F107: N.A. | G107: N.A. | H107: N.A. | I107: N.A. | J107: N.A. | K107: N.A. | L107: N.A. | M107: N.A. | N107: N.A. | O107: N.A. | P107: N.A. | Q107: N.A. | R107: N.A. | S107: N.A. | T107: N.A. | U107: N.A. | V107: N.A. | W107: N.A. | X107: N.A. | Y107: N.A. | Z107: N.A. | AA107: N.A. | AB107: N.A. | AC107: N.A. | AD107: N.A. | AE107: N.A. | AF107: N.A. | AG107: N.A. | AH107: N.A. | AI107: N.A. | AJ107: N.A. | AK107: N.A. | AL107: N.A. | AM107: N.A. | AN107: N.A. | AO107: N.A. | AP107: N.A. | AQ107: N.A. | AR107: N.A.
A108: BGR | B108: 100 | C108: 1994 | D108: N.A. | E108: N.A. | F108: N.A. | G108: N.A. | H108: N.A. | I108: N.A. | J108: N.A. | K108: N.A. | L108: N.A. | M108: N.A. | N108: N.A. | O108: N.A. | P108: N.A. | Q108: N.A. | R108: N.A. | S108: N.A. | T108: N.A. | U108: N.A. | V108: N.A. | W108: N.A. | X108: N.A. | Y108: N.A. | Z108: N.A. | AA108: N.A. | AB108: N.A. | AC108: N.A. | AD108: N.A. | AE108: N.A. | AF108: N.A. | AG108: N.A. | AH108: N.A. | AI108: N.A. | AJ108: N.A. | AK108: N.A. | AL108: N.A. | AM108: N.A. | AN108: N.A. | AO108: N.A. | AP108: N.A. | AQ108: N.A. | AR108: N.A.
A109: BGR | B109: 100 | C109: 1995 | D109: N.A. | E109: N.A. | F109: N.A. | G109: N.A. | H109: N.A. | I109: N.A. | J109: N.A. | K109: N.A. | L109: N.A. | M109: N.A. | N109: N.A. | O109: N.A. | P109: N.A. | Q109: N.A. | R109: N.A. | S109: N.A. | T109: N.A. | U109: N.A. | V109: N.A. | W109: N.A. | X109: N.A. | Y109: N.A. | Z109: N.A. | AA109: N.A. | AB109: N.A. | AC109: N.A. | AD109: N.A. | AE109: N.A. | AF109: N.A. | AG109: N.A. | AH109: N.A. | AI109: N.A. | AJ109: N.A. | AK109: N.A. | AL109: N.A. | AM109: N.A. | AN109: N.A. | AO109: N.A. | AP109: N.A. | AQ109: N.A. | AR109: N.A.
A110: BGR | B110: 100 | C110: 1996 | D110: N.A. | E110: N.A. | F110: N.A. | G110: N.A. | H110: N.A. | I110: N.A. | J110: N.A. | K110: N.A. | L110: N.A. | M110: N.A. | N110: N.A. | O110: N.A. | P110: N.A. | Q110: N.A. | R110: N.A. | S110: N.A. | T110: N.A. | U110: N.A. | V110: N.A. | W110: N.A. | X110: N.A. | Y110: N.A. | Z110: N.A. | AA110: N.A. | AB110: N.A. | AC110: N.A. | AD110: N.A. | AE110: N.A. | AF110: N.A. | AG110: N.A. | AH110: N.A. | AI110: N.A. | AJ110: N.A. | AK110: N.A. | AL110: N.A. | AM110: N.A. | AN110: N.A. | AO110: N.A. | AP110: N.A. | AQ110: N.A. | AR110: N.A.
A111: BGR | B111: 100 | C111: 1997 | D111: N.A. | E111: N.A. | F111: N.A. | G111: N.A. | H111: N.A. | I111: N.A. | J111: N.A. | K111: N.A. | L111: N.A. | M111: N.A. | N111: N.A. | O111: N.A. | P111: N.A. | Q111: N.A. | R111: N.A. | S111: N.A. | T111: N.A. | U111: N.A. | V111: N.A. | W111: N.A. | X111: N.A. | Y111: N.A. | Z111: N.A. | AA111: N.A. | AB111: N.A. | AC111: N.A. | AD111: N.A. | AE111: N.A. | AF111: N.A. | AG111: N.A. | AH111: N.A. | AI111: N.A. | AJ111: N.A. | AK111: N.A. | AL111: N.A. | AM111: N.A. | AN111: N.A. | AO111: N.A. | AP111: N.A. | AQ111: N.A. | AR111: N.A.
A112: BGR | B112: 100 | C112: 1998 | D112: N.A. | E112: N.A. | F112: N.A. | G112: N.A. | H112: N.A. | I112: N.A. | J112: N.A. | K112: N.A. | L112: N.A. | M112: N.A. | N112: N.A. | O112: N.A. | P112: N.A. | Q112: N.A. | R112: N.A. | S112: N.A. | T112: N.A. | U112: N.A. | V112: N.A. | W112: N.A. | X112: N.A. | Y112: N.A. | Z112: N.A. | AA112: N.A. | AB112: N.A. | AC112: N.A. | AD112: N.A. | AE112: N.A. | AF112: N.A. | AG112: N.A. | AH112: N.A. | AI112: N.A. | AJ112: N.A. | AK112: N.A. | AL112: N.A. | AM112: N.A. | AN112: N.A. | AO112: N.A. | AP112: N.A. | AQ112: N.A. | AR112: N.A.
A113: BGR | B113: 100 | C113: 1999 | D113: N.A. | E113: N.A. | F113: N.A. | G113: N.A. | H113: N.A. | I113: N.A. | J113: N.A. | K113: N.A. | L113: N.A. | M113: N.A. | N113: N.A. | O113: N.A. | P113: N.A. | Q113: N.A. | R113: N.A. | S113: N.A. | T113: N.A. | U113: N.A. | V113: N.A. | W113: N.A. | X113: N.A. | Y113: N.A. | Z113: N.A. | AA113: N.A. | AB113: N.A. | AC113: N.A. | AD113: N.A. | AE113: N.A. | AF113: N.A. | AG113: N.A. | AH113: N.A. | AI113: N.A. | AJ113: N.A. | AK113: N.A. | AL113: N.A. | AM113: N.A. | AN113: N.A. | AO113: N.A. | AP113: N.A. | AQ113: N.A. | AR113: N.A.
A114: BGR | B114: 100 | C114: 2000 | D114: N.A. | E114: N.A. | F114: N.A. | G114: N.A. | H114: N.A. | I114: N.A. | J114: N.A. | K114: N.A. | L114: N.A. | M114: N.A. | N114: N.A. | O114: N.A. | P114: N.A. | Q114: N.A. | R114: N.A. | S114: N.A. | T114: N.A. | U114: N.A. | V114: N.A. | W114: N.A. | X114: N.A. | Y114: N.A. | Z114: N.A. | AA114: N.A. | AB114: N.A. | AC114: N.A. | AD114: N.A. | AE114: N.A. | AF114: N.A. | AG114: N.A. | AH114: N.A. | AI114: N.A. | AJ114: N.A. | AK114: N.A. | AL114: N.A. | AM114: N.A. | AN114: N.A. | AO114: N.A. | AP114: N.A. | AQ114: N.A. | AR114: N.A.
A115: BGR | B115: 100 | C115: 2001 | D115: N.A. | E115: N.A. | F115: N.A. | G115: N.A. | H115: N.A. | I115: N.A. | J115: N.A. | K115: N.A. | L115: N.A. | M115: N.A. | N115: N.A. | O115: N.A. | P115: N.A. | Q115: N.A. | R115: N.A. | S115: N.A. | T115: N.A. | U115: N.A. | V115: N.A. | W115: N.A. | X115: N.A. | Y115: N.A. | Z115: N.A. | AA115: N.A. | AB115: N.A. | AC115: N.A. | AD115: N.A. | AE115: N.A. | AF115: N.A. | AG115: N.A. | AH115: N.A. | AI115: N.A. | AJ115: N.A. | AK115: N.A. | AL115: N.A. | AM115: N.A. | AN115: N.A. | AO115: N.A. | AP115: N.A. | AQ115: N.A. | AR115: N.A.
... A120: BGR | B120: 100 | C120: 2006 | D120: N.A. | E120: N.A. | F120: N.A. | G120: N.A. | H120: N.A. | I120: N.A. | J120: N.A. | K120: N.A. | L120: N.A. | M120: N.A. | N120: N.A. | O120: N.A. | P120: N.A. | Q120: N.A. | R120: N.A. | S120: N.A. | T120: N.A. | U120: N.A. | V120: N.A. | W120: N.A. | X120: N.A. | Y120: N.A. | Z120: N.A. | AA120: N.A. | AB120: N.A. | AC120: N.A. | AD120: N.A. | AE120: N.A. | AF120: N.A. | AG120: N.A. | AH120: N.A. | AI120: N.A. | AJ120: N.A. | AK120: N.A. | AL120: N.A. | AM120: N.A. | AN120: N.A. | AO120: N.A. | AP120: N.A. | AQ120: N.A. | AR120: N.A.
A121: BGR | B121: 100 | C121: 2007 | D121: 88.275 | E121: 137.5 | F121: 155.1 | G121: 1059.3 | H121: 1650 | I121: 1861.2 | J121: 1523.5 | K121: 38 | L121: 38 | M121: 0 | N121: 0 | O121: 0 | P121: 0 | Q121: 0 | R121: 0 | S121: 0 | T121: 0 | U121: 0 | V121: 456 | W121: 456 | X121: 0 | Y121: 0 | Z121: 0 | AA121: 0 | AB121: 0 | AC121: 0 | AD121: 0 | AE121: 0 | AF121: 0 | AG121: 88.275 | AH121: 175.5 | AI121: 193.1 | AJ121: 1059.3 | AK121: 2106 | AL121: 2317.2 | AM121: 1827.5 | AN121: 175.5 | AO121: 193.1 | AP121: 2106 | AQ121: 2317.2 | AR121: 2211.6
A122: BGR | B122: 100 | C122: 2008 | D122: 72.23 | E122: 128.85 | F122: 146.45 | G122: 866.76 | H122: 1546.2 | I122: 1757.4 | J122: 1390.12 | K122: 50 | L122: 50 | M122: 0 | N122: 0 | O122: 0 | P122: 0 | Q122: 0 | R122: 0 | S122: 0 | T122: 0 | U122: 0 | V122: 600 | W122: 600 | X122: 0 | Y122: 0 | Z122: 0 | AA122: 0 | AB122: 0 | AC122: 0 | AD122: 0 | AE122: 0 | AF122: 0 | AG122: 72.23 | AH122: 178.85 | AI122: 196.45 | AJ122: 866.76 | AK122: 2146.2 | AL122: 2357.4 | AM122: 1790.12 | AN122: 178.85 | AO122: 196.45 | AP122: 2146.2 | AQ122: 2357.4 | AR122: 2251.8
A123: BGR | B123: 100 | C123: 2009 | D123: 70.46 | E123: 123.81667 | F123: 144.61667 | G123: 845.52 | H123: 1485.8 | I123: 1735.4 | J123: 1355.5733 | K123: 82.5 | L123: 82.5 | M123: 0 | N123: 0 | O123: 0 | P123: 0 | Q123: 0 | R123: 0 | S123: 0 | T123: 0 | U123: 0 | V123: 990 | W123: 990 | X123: 0 | Y123: 0 | Z123: 0 | AA123: 0 | AB123: 0 | AC123: 0 | AD123: 0 | AE123: 0 | AF123: 0 | AG123: 70.46 | AH123: 206.31667 | AI123: 227.11667 | AJ123: 845.52 | AK123: 2475.8 | AL123: 2725.4 | AM123: 2015.5733 | AN123: 206.31667 | AO123: 227.11667 | AP123: 2475.8 | AQ123: 2725.4 | AR123: 2600.6
A124: BGR | B124: 100 | C124: 2010 | D124: 71.14 | E124: 124.49167 | F124: 145.29167 | G124: 853.68 | H124: 1493.9 | I124: 1743.5 | J124: 1363.6933 | K124: 82.5 | L124: 82.5 | M124: 0 | N124: 0 | O124: 0 | P124: 0 | Q124: 0 | R124: 0 | S124: 0 | T124: 0 | U124: 0 | V124: 990 | W124: 990 | X124: 0 | Y124: 0 | Z124: 0 | AA124: 0 | AB124: 0 | AC124: 0 | AD124: 0 | AE124: 0 | AF124: 0 | AG124: 71.14 | AH124: 206.99167 | AI124: 227.79167 | AJ124: 853.68 | AK124: 2483.9 | AL124: 2733.5 | AM124: 2023.6933 | AN124: 206.99167 | AO124: 227.79167 | AP124: 2483.9 | AQ124: 2733.5 | AR124: 2608.7
A125: BGR | B125: 100 | C125: 2011 | D125: 71.14 | E125: 124.49167 | F125: 145.29167 | G125: 853.68 | H125: 1493.9 | I125: 1743.5 | J125: 1363.6933 | K125: 82.5 | L125: 82.5 | M125: 0 | N125: 0 | O125: 0 | P125: 0 | Q125: 0 | R125: 0 | S125: 0 | T125: 0 | U125: 0 | V125: 990 | W125: 990 | X125: 0 | Y125: 0 | Z125: 0 | AA125: 0 | AB125: 0 | AC125: 0 | AD125: 0 | AE125: 0 | AF125: 0 | AG125: 71.14 | AH125: 206.99167 | AI125: 227.79167 | AJ125: 853.68 | AK125: 2483.9 | AL125: 2733.5 | AM125: 2023.6933 | AN125: 206.99167 | AO125: 227.79167 | AP125: 2483.9 | AQ125: 2733.5 | AR125: 2608.7
A126: BGR | B126: 100 | C126: 2012 | D126: 71.14 | E126: 124.49167 | F126: 145.29167 | G126: 853.68 | H126: 1493.9 | I126: 1743.5 | J126: 1363.6933 | K126: 82.5 | L126: 82.5 | M126: 0 | N126: 0 | O126: 0 | P126: 0 | Q126: 0 | R126: 0 | S126: 0 | T126: 0 | U126: 0 | V126: 990 | W126: 990 | X126: 0 | Y126: 0 | Z126: 0 | AA126: 0 | AB126: 0 | AC126: 0 | AD126: 0 | AE126: 0 | AF126: 0 | AG126: 71.14 | AH126: 206.99167 | AI126: 227.79167 | AJ126: 853.68 | AK126: 2483.9 | AL126: 2733.5 | AM126: 2023.6933 | AN126: 206.99167 | AO126: 227.79167 | AP126: 2483.9 | AQ126: 2733.5 | AR126: 2608.7
A127: BGR | B127: 100 | C127: 2013 | D127: 73.58 | E127: 119.85 | F127: 140.65 | G127: 882.96 | H127: 1438.2 | I127: 1687.8 | J127: 1336.32 | K127: 90.833333 | L127: 90.833333 | M127: 0 | N127: 0 | O127: 0 | P127: 0 | Q127: 0 | R127: 0 | S127: 0 | T127: 0 | U127: 0 | V127: 1090 | W127: 1090 | X127: 0 | Y127: 0 | Z127: 0 | AA127: 0 | AB127: 0 | AC127: 0 | AD127: 0 | AE127: 0 | AF127: 0 | AG127: 73.58 | AH127: 210.68333 | AI127: 231.48333 | AJ127: 882.96 | AK127: 2528.2 | AL127: 2777.8 | AM127: 2062.9867 | AN127: 210.68333 | AO127: 231.48333 | AP127: 2528.2 | AQ127: 2777.8 | AR127: 2653
A128: BGR | B128: 100 | C128: 2014 | D128: 73.58 | E128: 86.716667 | F128: 107.51667 | G128: 882.96 | H128: 1040.6 | I128: 1290.2 | J128: 1071.2533 | K128: 126.66667 | L128: 126.66667 | M128: 0 | N128: 0 | O128: 0 | P128: 0 | Q128: 0 | R128: 0 | S128: 0 | T128: 0 | U128: 0 | V128: 1520 | W128: 1520 | X128: 0 | Y128: 0 | Z128: 0 | AA128: 0 | AB128: 0 | AC128: 0 | AD128: 0 | AE128: 0 | AF128: 0 | AG128: 73.58 | AH128: 213.38333 | AI128: 234.18333 | AJ128: 882.96 | AK128: 2560.6 | AL128: 2810.2 | AM128: 2084.5867 | AN128: 213.38333 | AO128: 234.18333 | AP128: 2560.6 | AQ128: 2810.2 | AR128: 2685.4
A129: BGR | B129: 100 | C129: 2015 | D129: 77.53 | E129: 86.716667 | F129: 107.51667 | G129: 930.36 | H129: 1040.6 | I129: 1290.2 | J129: 1087.0533 | K129: 126.66667 | L129: 126.66667 | M129: 0 | N129: 0 | O129: 0 | P129: 0 | Q129: 0 | R129: 0 | S129: 0 | T129: 0 | U129: 0 | V129: 1520 | W129: 1520 | X129: 0 | Y129: 0 | Z129: 0 | AA129: 0 | AB129: 0 | AC129: 0 | AD129: 0 | AE129: 0 | AF129: 0 | AG129: 77.53 | AH129: 213.38333 | AI129: 234.18333 | AJ129: 930.36 | AK129: 2560.6 | AL129: 2810.2 | AM129: 2100.3867 | AN129: 213.38333 | AO129: 234.18333 | AP129: 2560.6 | AQ129: 2810.2 | AR129: 2685.4
A130: BGR | B130: 100 | C130: 2016 | D130: 77.53 | E130: 107.55 | F130: 128.35 | G130: 930.36 | H130: 1290.6 | I130: 1540.2 | J130: 1253.72 | K130: 105.83333 | L130: 105.83333 | M130: 0 | N130: 0 | O130: 0 | P130: 0 | Q130: 0 | R130: 0 | S130: 0 | T130: 0 | U130: 0 | V130: 1270 | W130: 1270 | X130: 0 | Y130: 0 | Z130: 0 | AA130: 0 | AB130: 0 | AC130: 0 | AD130: 0 | AE130: 0 | AF130: 0 | AG130: 77.53 | AH130: 213.38333 | AI130: 234.18333 | AJ130: 930.36 | AK130: 2560.6 | AL130: 2810.2 | AM130: 2100.3867 | AN130: 213.38333 | AO130: 234.18333 | AP130: 2560.6 | AQ130: 2810.2 | AR130: 2685.4
A131: BGR | B131: 100 | C131: 2017 | D131: 77.53 | E131: 107.65833 | F131: 128.45833 | G131: 930.36 | H131: 1291.9 | I131: 1541.5 | J131: 1254.5867 | K131: 105.83333 | L131: 105.83333 | M131: 0 | N131: 0 | O131: 0 | P131: 0 | Q131: 0 | R131: 0 | S131: 0 | T131: 0 | U131: 0 | V131: 1270 | W131: 1270 | X131: 0 | Y131: 0 | Z131: 0 | AA131: 0 | AB131: 0 | AC131: 0 | AD131: 0 | AE131: 0 | AF131: 0 | AG131: 77.53 | AH131: 213.49167 | AI131: 234.29167 | AJ131: 930.36 | AK131: 2561.9 | AL131: 2811.5 | AM131: 2101.2533 | AN131: 213.49167 | AO131: 234.29167 | AP131: 2561.9 | AQ131: 2811.5 | AR131: 2686.7
A132: BGR | B132: 100 | C132: 2018 | D132: 89.454114 | E132: 131.09167 | F132: 155.09167 | G132: 1073.4494 | H132: 1573.1 | I132: 1861.1 | J132: 1502.5498 | K132: 110.83333 | L132: 110.83333 | M132: 0 | N132: 0 | O132: 0 | P132: 0 | Q132: 0 | R132: 0 | S132: 0 | T132: 0 | U132: 0 | V132: 1330 | W132: 1330 | X132: 0 | Y132: 0 | Z132: 0 | AA132: 0 | AB132: 0 | AC132: 0 | AD132: 0 | AE132: 0 | AF132: 0 | AG132: 89.454114 | AH132: 241.925 | AI132: 265.925 | AJ132: 1073.4494 | AK132: 2903.1 | AL132: 3191.1 | AM132: 2389.2165 | AN132: 241.925 | AO132: 265.925 | AP132: 2903.1 | AQ132: 3191.1 | AR132: 3047.1
... A137: BGR | B137: 100 | C137: 2023 | D137: 133.85833 | E137: 209.325 | F137: 253.35 | G137: 1606.3 | H137: 2511.9 | I137: 3040.2 | J137: 2386.1333 | K137: 160 | L137: 160 | M137: 0 | N137: 0 | O137: 0 | P137: 0 | Q137: 0 | R137: 0 | S137: 0 | T137: 0 | U137: 0 | V137: 1920 | W137: 1920 | X137: 0 | Y137: 0 | Z137: 0 | AA137: 0 | AB137: 0 | AC137: 0 | AD137: 0 | AE137: 0 | AF137: 0 | AG137: 133.85833 | AH137: 369.325 | AI137: 413.35 | AJ137: 1606.3 | AK137: 4431.9 | AL137: 4960.2 | AM137: 3666.1333 | AN137: 369.325 | AO137: 413.35 | AP137: 4431.9 | AQ137: 4960.2 | AR137: 4696.05
A138: BRA | B138: 76 | C138: 1990 | D138: N.A. | E138: N.A. | F138: N.A. | G138: N.A. | H138: N.A. | I138: N.A. | J138: N.A. | K138: N.A. | L138: N.A. | M138: N.A. | N138: N.A. | O138: N.A. | P138: N.A. | Q138: N.A. | R138: N.A. | S138: N.A. | T138: N.A. | U138: N.A. | V138: N.A. | W138: N.A. | X138: N.A. | Y138: N.A. | Z138: N.A. | AA138: N.A. | AB138: N.A. | AC138: N.A. | AD138: N.A. | AE138: N.A. | AF138: N.A. | AG138: N.A. | AH138: N.A. | AI138: N.A. | AJ138: N.A. | AK138: N.A. | AL138: N.A. | AM138: N.A. | AN138: N.A. | AO138: N.A. | AP138: N.A. | AQ138: N.A. | AR138: N.A.
A139: BRA | B139: 76 | C139: 1991 | D139: N.A. | E139: N.A. | F139: N.A. | G139: N.A. | H139: N.A. | I139: N.A. | J139: N.A. | K139: N.A. | L139: N.A. | M139: N.A. | N139: N.A. | O139: N.A. | P139: N.A. | Q139: N.A. | R139: N.A. | S139: N.A. | T139: N.A. | U139: N.A. | V139: N.A. | W139: N.A. | X139: N.A. | Y139: N.A. | Z139: N.A. | AA139: N.A. | AB139: N.A. | AC139: N.A. | AD139: N.A. | AE139: N.A. | AF139: N.A. | AG139: N.A. | AH139: N.A. | AI139: N.A. | AJ139: N.A. | AK139: N.A. | AL139: N.A. | AM139: N.A. | AN139: N.A. | AO139: N.A. | AP139: N.A. | AQ139: N.A. | AR139: N.A.
A140: BRA | B140: 76 | C140: 1992 | D140: N.A. | E140: N.A. | F140: N.A. | G140: N.A. | H140: N.A. | I140: N.A. | J140: N.A. | K140: N.A. | L140: N.A. | M140: N.A. | N140: N.A. | O140: N.A. | P140: N.A. | Q140: N.A. | R140: N.A. | S140: N.A. | T140: N.A. | U140: N.A. | V140: N.A. | W140: N.A. | X140: N.A. | Y140: N.A. | Z140: N.A. | AA140: N.A. | AB140: N.A. | AC140: N.A. | AD140: N.A. | AE140: N.A. | AF140: N.A. | AG140: N.A. | AH140: N.A. | AI140: N.A. | AJ140: N.A. | AK140: N.A. | AL140: N.A. | AM140: N.A. | AN140: N.A. | AO140: N.A. | AP140: N.A. | AQ140: N.A. | AR140: N.A.
A141: BRA | B141: 76 | C141: 1993 | D141: N.A. | E141: N.A. | F141: N.A. | G141: N.A. | H141: N.A. | I141: N.A. | J141: N.A. | K141: N.A. | L141: N.A. | M141: N.A. | N141: N.A. | O141: N.A. | P141: N.A. | Q141: N.A. | R141: N.A. | S141: N.A. | T141: N.A. | U141: N.A. | V141: N.A. | W141: N.A. | X141: N.A. | Y141: N.A. | Z141: N.A. | AA141: N.A. | AB141: N.A. | AC141: N.A. | AD141: N.A. | AE141: N.A. | AF141: N.A. | AG141: N.A. | AH141: N.A. | AI141: N.A. | AJ141: N.A. | AK141: N.A. | AL141: N.A. | AM141: N.A. | AN141: N.A. | AO141: N.A. | AP141: N.A. | AQ141: N.A. | AR141: N.A.
A142: BRA | B142: 76 | C142: 1994 | D142: N.A. | E142: N.A. | F142: N.A. | G142: N.A. | H142: N.A. | I142: N.A. | J142: N.A. | K142: N.A. | L142: N.A. | M142: N.A. | N142: N.A. | O142: N.A. | P142: N.A. | Q142: N.A. | R142: N.A. | S142: N.A. | T142: N.A. | U142: N.A. | V142: N.A. | W142: N.A. | X142: N.A. | Y142: N.A. | Z142: N.A. | AA142: N.A. | AB142: N.A. | AC142: N.A. | AD142: N.A. | AE142: N.A. | AF142: N.A. | AG142: N.A. | AH142: N.A. | AI142: N.A. | AJ142: N.A. | AK142: N.A. | AL142: N.A. | AM142: N.A. | AN142: N.A. | AO142: N.A. | AP142: N.A. | AQ142: N.A. | AR142: N.A.
A143: BRA | B143: 76 | C143: 1995 | D143: N.A. | E143: N.A. | F143: N.A. | G143: N.A. | H143: N.A. | I143: N.A. | J143: N.A. | K143: N.A. | L143: N.A. | M143: N.A. | N143: N.A. | O143: N.A. | P143: N.A. | Q143: N.A. | R143: N.A. | S143: N.A. | T143: N.A. | U143: N.A. | V143: N.A. | W143: N.A. | X143: N.A. | Y143: N.A. | Z143: N.A. | AA143: N.A. | AB143: N.A. | AC143: N.A. | AD143: N.A. | AE143: N.A. | AF143: N.A. | AG143: N.A. | AH143: N.A. | AI143: N.A. | AJ143: N.A. | AK143: N.A. | AL143: N.A. | AM143: N.A. | AN143: N.A. | AO143: N.A. | AP143: N.A. | AQ143: N.A. | AR143: N.A.
A144: BRA | B144: 76 | C144: 1996 | D144: N.A. | E144: N.A. | F144: N.A. | G144: N.A. | H144: N.A. | I144: N.A. | J144: N.A. | K144: N.A. | L144: N.A. | M144: N.A. | N144: N.A. | O144: N.A. | P144: N.A. | Q144: N.A. | R144: N.A. | S144: N.A. | T144: N.A. | U144: N.A. | V144: N.A. | W144: N.A. | X144: N.A. | Y144: N.A. | Z144: N.A. | AA144: N.A. | AB144: N.A. | AC144: N.A. | AD144: N.A. | AE144: N.A. | AF144: N.A. | AG144: N.A. | AH144: N.A. | AI144: N.A. | AJ144: N.A. | AK144: N.A. | AL144: N.A. | AM144: N.A. | AN144: N.A. | AO144: N.A. | AP144: N.A. | AQ144: N.A. | AR144: N.A.
A145: BRA | B145: 76 | C145: 1997 | D145: N.A. | E145: N.A. | F145: N.A. | G145: N.A. | H145: N.A. | I145: N.A. | J145: N.A. | K145: N.A. | L145: N.A. | M145: N.A. | N145: N.A. | O145: N.A. | P145: N.A. | Q145: N.A. | R145: N.A. | S145: N.A. | T145: N.A. | U145: N.A. | V145: N.A. | W145: N.A. | X145: N.A. | Y145: N.A. | Z145: N.A. | AA145: N.A. | AB145: N.A. | AC145: N.A. | AD145: N.A. | AE145: N.A. | AF145: N.A. | AG145: N.A. | AH145: N.A. | AI145: N.A. | AJ145: N.A. | AK145: N.A. | AL145: N.A. | AM145: N.A. | AN145: N.A. | AO145: N.A. | AP145: N.A. | AQ145: N.A. | AR145: N.A.
A146: BRA | B146: 76 | C146: 1998 | D146: N.A. | E146: N.A. | F146: N.A. | G146: N.A. | H146: N.A. | I146: N.A. | J146: N.A. | K146: N.A. | L146: N.A. | M146: N.A. | N146: N.A. | O146: N.A. | P146: N.A. | Q146: N.A. | R146: N.A. | S146: N.A. | T146: N.A. | U146: N.A. | V146: N.A. | W146: N.A. | X146: N.A. | Y146: N.A. | Z146: N.A. | AA146: N.A. | AB146: N.A. | AC146: N.A. | AD146: N.A. | AE146: N.A. | AF146: N.A. | AG146: N.A. | AH146: N.A. | AI146: N.A. | AJ146: N.A. | AK146: N.A. | AL146: N.A. | AM146: N.A. | AN146: N.A. | AO146: N.A. | AP146: N.A. | AQ146: N.A. | AR146: N.A.
A147: BRA | B147: 76 | C147: 1999 | D147: N.A. | E147: N.A. | F147: N.A. | G147: N.A. | H147: N.A. | I147: N.A. | J147: N.A. | K147: N.A. | L147: N.A. | M147: N.A. | N147: N.A. | O147: N.A. | P147: N.A. | Q147: N.A. | R147: N.A. | S147: N.A. | T147: N.A. | U147: N.A. | V147: N.A. | W147: N.A. | X147: N.A. | Y147: N.A. | Z147: N.A. | AA147: N.A. | AB147: N.A. | AC147: N.A. | AD147: N.A. | AE147: N.A. | AF147: N.A. | AG147: N.A. | AH147: N.A. | AI147: N.A. | AJ147: N.A. | AK147: N.A. | AL147: N.A. | AM147: N.A. | AN147: N.A. | AO147: N.A. | AP147: N.A. | AQ147: N.A. | AR147: N.A.
A148: BRA | B148: 76 | C148: 2000 | D148: N.A. | E148: N.A. | F148: N.A. | G148: N.A. | H148: N.A. | I148: N.A. | J148: N.A. | K148: N.A. | L148: N.A. | M148: N.A. | N148: N.A. | O148: N.A. | P148: N.A. | Q148: N.A. | R148: N.A. | S148: N.A. | T148: N.A. | U148: N.A. | V148: N.A. | W148: N.A. | X148: N.A. | Y148: N.A. | Z148: N.A. | AA148: N.A. | AB148: N.A. | AC148: N.A. | AD148: N.A. | AE148: N.A. | AF148: N.A. | AG148: N.A. | AH148: N.A. | AI148: N.A. | AJ148: N.A. | AK148: N.A. | AL148: N.A. | AM148: N.A. | AN148: N.A. | AO148: N.A. | AP148: N.A. | AQ148: N.A. | AR148: N.A.
A149: BRA | B149: 76 | C149: 2001 | D149: 0 | E149: 45 | F149: 45 | G149: 0 | H149: 540 | I149: 540 | J149: 360 | K149: 0 | L149: 0 | M149: 0 | N149: 0 | O149: 0 | P149: 0 | Q149: 0 | R149: 0 | S149: 0 | T149: 0 | U149: 0 | V149: 0 | W149: 0 | X149: 0 | Y149: 0 | Z149: 0 | AA149: 0 | AB149: 0 | AC149: 0 | AD149: 0 | AE149: 0 | AF149: 0 | AG149: 0 | AH149: 45 | AI149: 45 | AJ149: 0 | AK149: 540 | AL149: 540 | AM149: 360 | AN149: 45 | AO149: 45 | AP149: 540 | AQ149: 540 | AR149: 540
A150: BRA | B150: 76 | C150: 2002 | D150: 0 | E150: 45 | F150: 45 | G150: 0 | H150: 540 | I150: 540 | J150: 360 | K150: 0 | L150: 0 | M150: 0 | N150: 0 | O150: 0 | P150: 0 | Q150: 0 | R150: 0 | S150: 0 | T150: 0 | U150: 0 | V150: 0 | W150: 0 | X150: 0 | Y150: 0 | Z150: 0 | AA150: 0 | AB150: 0 | AC150: 0 | AD150: 0 | AE150: 0 | AF150: 0 | AG150: 0 | AH150: 45 | AI150: 45 | AJ150: 0 | AK150: 540 | AL150: 540 | AM150: 360 | AN150: 45 | AO150: 45 | AP150: 540 | AQ150: 540 | AR150: 540
A151: BRA | B151: 76 | C151: 2003 | D151: 50 | E151: 80 | F151: 80 | G151: 600 | H151: 960 | I151: 960 | J151: 840 | K151: 0 | L151: 0 | M151: 0 | N151: 0 | O151: 0 | P151: 0 | Q151: 0 | R151: 0 | S151: 0 | T151: 0 | U151: 0 | V151: 0 | W151: 0 | X151: 0 | Y151: 0 | Z151: 0 | AA151: 0 | AB151: 0 | AC151: 0 | AD151: 0 | AE151: 0 | AF151: 0 | AG151: 50 | AH151: 80 | AI151: 80 | AJ151: 600 | AK151: 960 | AL151: 960 | AM151: 840 | AN151: 80 | AO151: 80 | AP151: 960 | AQ151: 960 | AR151: 960
A152: BRA | B152: 76 | C152: 2004 | D152: 50 | E152: 80 | F152: 80 | G152: 600 | H152: 960 | I152: 960 | J152: 840 | K152: 0 | L152: 0 | M152: 0 | N152: 0 | O152: 0 | P152: 0 | Q152: 0 | R152: 0 | S152: 0 | T152: 0 | U152: 0 | V152: 0 | W152: 0 | X152: 0 | Y152: 0 | Z152: 0 | AA152: 0 | AB152: 0 | AC152: 0 | AD152: 0 | AE152: 0 | AF152: 0 | AG152: 50 | AH152: 80 | AI152: 80 | AJ152: 600 | AK152: 960 | AL152: 960 | AM152: 840 | AN152: 80 | AO152: 80 | AP152: 960 | AQ152: 960 | AR152: 960
A153: BRA | B153: 76 | C153: 2005 | D153: 50 | E153: 80 | F153: 80 | G153: 600 | H153: 960 | I153: 960 | J153: 840 | K153: 0 | L153: 0 | M153: 0 | N153: 0 | O153: 0 | P153: 0 | Q153: 0 | R153: 0 | S153: 0 | T153: 0 | U153: 0 | V153: 0 | W153: 0 | X153: 0 | Y153: 0 | Z153: 0 | AA153: 0 | AB153: 0 | AC153: 0 | AD153: 0 | AE153: 0 | AF153: 0 | AG153: 58 | AH153: 94 | AI153: 94 | AJ153: 696 | AK153: 1128 | AL153: 1128 | AM153: 984 | AN153: 94 | AO153: 94 | AP153: 696 | AQ153: 1128 | AR153: 912
A154: BRA | B154: 76 | C154: 2006 | D154: 50 | E154: 80 | F154: 80 | G154: 600 | H154: 960 | I154: 960 | J154: 840 | K154: 0 | L154: 0 | M154: 0 | N154: 0 | O154: 0 | P154: 0 | Q154: 0 | R154: 0 | S154: 0 | T154: 0 | U154: 0 | V154: 0 | W154: 0 | X154: 0 | Y154: 0 | Z154: 0 | AA154: 0 | AB154: 0 | AC154: 0 | AD154: 0 | AE154: 0 | AF154: 0 | AG154: 58 | AH154: 94 | AI154: 94 | AJ154: 696 | AK154: 1128 | AL154: 1128 | AM154: 984 | AN154: 94 | AO154: 94 | AP154: 696 | AQ154: 1128 | AR154: 912
A155: BRA | B155: 76 | C155: 2007 | D155: 58 | E155: 94 | F155: 94 | G155: 696 | H155: 1128 | I155: 1128 | J155: 984 | K155: 0 | L155: 0 | M155: 0 | N155: 0 | O155: 0 | P155: 0 | Q155: 0 | R155: 0 | S155: 0 | T155: 0 | U155: 0 | V155: 0 | W155: 0 | X155: 0 | Y155: 0 | Z155: 0 | AA155: 0 | AB155: 0 | AC155: 0 | AD155: 0 | AE155: 0 | AF155: 0 | AG155: 58 | AH155: 94 | AI155: 94 | AJ155: 696 | AK155: 1128 | AL155: 1128 | AM155: 984 | AN155: 94 | AO155: 94 | AP155: 696 | AQ155: 1128 | AR155: 912
A156: BRA | B156: 76 | C156: 2008 | D156: 62 | E156: 102 | F156: 102 | G156: 744 | H156: 1224 | I156: 1224 | J156: 1064 | K156: 0 | L156: 0 | M156: 0 | N156: 0 | O156: 0 | P156: 0 | Q156: 0 | R156: 0 | S156: 0 | T156: 0 | U156: 0 | V156: 0 | W156: 0 | X156: 0 | Y156: 0 | Z156: 0 | AA156: 0 | AB156: 0 | AC156: 0 | AD156: 0 | AE156: 0 | AF156: 0 | AG156: 60 | AH156: 100 | AI156: 100 | AJ156: 720 | AK156: 1200 | AL156: 1200 | AM156: 1040 | AN156: 100 | AO156: 100 | AP156: 720 | AQ156: 1200 | AR156: 960
A157: BRA | B157: 76 | C157: 2009 | D157: 68 | E157: 112 | F157: 112 | G157: 816 | H157: 1344 | I157: 1344 | J157: 1168 | K157: 0 | L157: 0 | M157: 0 | N157: 0 | O157: 0 | P157: 0 | Q157: 0 | R157: 0 | S157: 0 | T157: 0 | U157: 0 | V157: 0 | W157: 0 | X157: 0 | Y157: 0 | Z157: 0 | AA157: 0 | AB157: 0 | AC157: 0 | AD157: 0 | AE157: 0 | AF157: 0 | AG157: 64 | AH157: 108 | AI157: 108 | AJ157: 768 | AK157: 1296 | AL157: 1296 | AM157: 1120 | AN157: 108 | AO157: 108 | AP157: 768 | AQ157: 1296 | AR157: 1032
A158: BRA | B158: 76 | C158: 2010 | D158: 68 | E158: 112 | F158: 112 | G158: 816 | H158: 1344 | I158: 1344 | J158: 1168 | K158: 0 | L158: 0 | M158: 0 | N158: 0 | O158: 0 | P158: 0 | Q158: 0 | R158: 0 | S158: 0 | T158: 0 | U158: 0 | V158: 0 | W158: 0 | X158: 0 | Y158: 0 | Z158: 0 | AA158: 0 | AB158: 0 | AC158: 0 | AD158: 0 | AE158: 0 | AF158: 0 | AG158: 68 | AH158: 112 | AI158: 112 | AJ158: 816 | AK158: 1344 | AL158: 1344 | AM158: 1168 | AN158: 112 | AO158: 112 | AP158: 816 | AQ158: 1344 | AR158: 1080
A159: BRA | B159: 76 | C159: 2011 | D159: 68 | E159: 112 | F159: 112 | G159: 816 | H159: 1344 | I159: 1344 | J159: 1168 | K159: 0 | L159: 0 | M159: 0 | N159: 0 | O159: 0 | P159: 0 | Q159: 0 | R159: 0 | S159: 0 | T159: 0 | U159: 0 | V159: 0 | W159: 0 | X159: 0 | Y159: 0 | Z159: 0 | AA159: 0 | AB159: 0 | AC159: 0 | AD159: 0 | AE159: 0 | AF159: 0 | AG159: 69.5 | AH159: 133.5 | AI159: 133.5 | AJ159: 834 | AK159: 1602 | AL159: 1602 | AM159: 1346 | AN159: 133.5 | AO159: 133.5 | AP159: 834 | AQ159: 1602 | AR159: 1218
A160: BRA | B160: 76 | C160: 2012 | D160: 70 | E160: 134 | F160: 134 | G160: 840 | H160: 1608 | I160: 1608 | J160: 1352 | K160: 0 | L160: 0 | M160: 0 | N160: 0 | O160: 0 | P160: 0 | Q160: 0 | R160: 0 | S160: 0 | T160: 0 | U160: 0 | V160: 0 | W160: 0 | X160: 0 | Y160: 0 | Z160: 0 | AA160: 0 | AB160: 0 | AC160: 0 | AD160: 0 | AE160: 0 | AF160: 0 | AG160: 70 | AH160: 134 | AI160: 134 | AJ160: 840 | AK160: 1608 | AL160: 1608 | AM160: 1352 | AN160: 134 | AO160: 134 | AP160: 840 | AQ160: 1608 | AR160: 1224
... A167: BRA | B167: 76 | C167: 2019 | D167: 89 | E167: 171 | F167: 171 | G167: 1068 | H167: 2052 | I167: 2052 | J167: 1724 | K167: 0 | L167: 0 | M167: 0 | N167: 0 | O167: 0 | P167: 0 | Q167: 0 | R167: 0 | S167: 0 | T167: 0 | U167: 0 | V167: 0 | W167: 0 | X167: 0 | Y167: 0 | Z167: 0 | AA167: 0 | AB167: 0 | AC167: 0 | AD167: 0 | AE167: 0 | AF167: 0 | AG167: 74.083333 | AH167: 144.08333 | AI167: 144.08333 | AJ167: 889 | AK167: 1729 | AL167: 1729 | AM167: 1449 | AN167: 144.08333 | AO167: 144.08333 | AP167: 889 | AQ167: 1729 | AR167: 1309
A168: BRA | B168: 76 | C168: 2020
A169: BRA | B169: 76 | C169: 2021
A170: BRA | B170: 76 | C170: 2022
A171: BRA | B171: 76 | C171: 2023
A172: CAN | B172: 124 | C172: 1990 | D172: 567 | E172: 1202 | F172: 1379 | G172: 6804 | H172: 14424 | I172: 16548 | J172: 12592 | K172: 161.83333 | L172: 161.83333 | M172: 0 | N172: 0 | O172: 0 | P172: 40.916667 | Q172: 42.10958 | R172: 57.416667 | S172: 0 | T172: 30.5 | U172: 30.5 | V172: 1942 | W172: 1942 | X172: 0 | Y172: 0 | Z172: 0 | AA172: 491 | AB172: 505.31497 | AC172: 689 | AD172: 0 | AE172: 366 | AF172: 366 | AG172: 607.91667 | AH172: 1436.4429 | AI172: 1628.75 | AJ172: 7295 | AK172: 17237.315 | AL172: 19545 | AM172: 14692.438 | AN172: 1436.4429 | AO172: 1628.75 | AP172: 17237.315 | AQ172: 19545 | AR172: 18391.157
A173: CAN | B173: 124 | C173: 1991 | D173: 618 | E173: 1306 | F173: 1496 | G173: 7416 | H173: 15672 | I173: 17952 | J173: 13680 | K173: 164.83333 | L173: 164.83333 | M173: 0 | N173: 0 | O173: 0 | P173: 55.583333 | Q173: 73.126537 | R173: 95.75 | S173: 0 | T173: 32.75 | U173: 32.75 | V173: 1978 | W173: 1978 | X173: 0 | Y173: 0 | Z173: 0 | AA173: 667 | AB173: 877.51844 | AC173: 1149 | AD173: 0 | AE173: 393 | AF173: 393 | AG173: 673.58333 | AH173: 1576.7099 | AI173: 1789.3333 | AJ173: 8083 | AK173: 18920.518 | AL173: 21472 | AM173: 16158.506 | AN173: 1576.7099 | AO173: 1789.3333 | AP173: 18920.518 | AQ173: 21472 | AR173: 20196.259
A174: CAN | B174: 124 | C174: 1992 | D174: 651 | E174: 1353 | F174: 1548 | G174: 7812 | H174: 16236 | I174: 18576 | J174: 14208 | K174: 169.08333 | L174: 169.08333 | M174: 0 | N174: 0 | O174: 0 | P174: 48.583333 | Q174: 65.495941 | R174: 83.583333 | S174: 0 | T174: 33.5 | U174: 33.5 | V174: 2029 | W174: 2029 | X174: 0 | Y174: 0 | Z174: 0 | AA174: 583 | AB174: 785.9513 | AC174: 1003 | AD174: 0 | AE174: 402 | AF174: 402 | AG174: 699.58333 | AH174: 1621.0793 | AI174: 1834.1667 | AJ174: 8395 | AK174: 19452.951 | AL174: 22010 | AM174: 16619.317 | AN174: 1621.0793 | AO174: 1834.1667 | AP174: 19452.951 | AQ174: 22010 | AR174: 20731.476
...

Sheet SaMip 3.0_PPPs
A1: Country | B1: Country.nr | C1: Year | D1: PPPs* | E1: SAsi | F1: SAlp | G1: SAfa | H1: SAsiy | I1: SAlpy | J1: SAfay | K1: SAavey | L1: CSUPPlp | M1: CSUPPfa | N1: HSUPPsi | O1: HSUPPlp | P1: HSUPPfa | Q1: TCREDsi | R1: TCREDlp | S1: TCREDfa | T1: OTHsi | U1: OTHlp | V1: OTHfa | W1: CSUPPlpy | X1: CSUPPfay | Y1: HSUPPsiy | Z1: HSUPPlpy | AA1: HSUPPfay | AB1: TCREDsiy | AC1: TCREDlpy | AD1: TCREDfay | AE1: OTHsiy | AF1: OTHlpy | AG1: OTHfay | AH1: MIPsi | AI1: MIPlp | AJ1: MIPfa | AK1: MIPsiy | AL1: MIPlpy | AM1: MIPfay | AN1: MIPavey | AO1: FAlp | AP1: FAfa | AQ1: FAlpy | AR1: FAfay | AS1: FAavey
A2: AUS | B2: 36 | C2: 1990 | D2: 1.364415 | E2: 396.20155 | F2: 448.44616 | G2: 707.28725 | H2: 4754.4186 | I2: 5381.3539 | J2: 8487.447 | K2: 6207.7398 | L2: 247.72522 | M2: 247.72522 | N2: 79.399108 | O2: 95.278929 | P2: 95.278929 | Q2: 0 | R2: 0 | S2: 0 | T2: 0 | U2: 0 | V2: 0 | W2: 2972.7026 | X2: 2972.7026 | Y2: 952.78929 | Z2: 1143.3471 | AA2: 1143.3471 | AB2: 0 | AC2: 0 | AD2: 0 | AE2: 0 | AF2: 0 | AG2: 0 | AH2: 475.60065 | AI2: 791.4503 | AJ2: 1050.2914 | AK2: 5707.2079 | AL2: 9497.4036 | AM2: 12603.497 | AN2: 9269.3694 | AO2: 696.17138 | AP2: 955.01247 | AQ2: 8354.0565 | AR2: 11460.15 | AS2: 9907.103
A3: AUS | B3: 36 | C3: 1991 | D3: 1.347277 | E3: 431.95769 | F3: 469.1067 | G3: 782.21974 | H3: 5183.4923 | I3: 5629.2804 | J3: 9386.6369 | K3: 6733.1365 | L3: 273.88577 | M3: 273.88577 | N3: 99.707286 | O3: 116.43238 | P3: 116.43238 | Q3: 0 | R3: 0 | S3: 0 | T3: 0 | U3: 0 | V3: 0 | W3: 3286.6293 | X3: 3286.6293 | Y3: 1196.4874 | Z3: 1397.1886 | AA3: 1397.1886 | AB3: 0 | AC3: 0 | AD3: 0 | AE3: 0 | AF3: 0 | AG3: 0 | AH3: 531.66498 | AI3: 859.42485 | AJ3: 1172.5379 | AK3: 6379.9798 | AL3: 10313.098 | AM3: 14070.455 | AN3: 10254.511 | AO3: 742.99247 | AP3: 1056.1055 | AQ3: 8915.9096 | AR3: 12673.266 | AS3: 10794.588
A4: AUS | B4: 36 | C4: 1992 | D4: 1.32667 | E4: 453.52901 | F4: 492.56158 | G4: 821.48035 | H4: 5442.3481 | I4: 5910.7389 | J4: 9857.7642 | K4: 7070.2837 | L4: 287.59978 | M4: 287.59978 | N4: 102.72587 | O4: 120.03739 | P4: 120.03739 | Q4: 0 | R4: 0 | S4: 0 | T4: 0 | U4: 0 | V4: 0 | W4: 3451.1974 | X4: 3451.1974 | Y4: 1232.7105 | Z4: 1440.4486 | AA4: 1440.4486 | AB4: 0 | AC4: 0 | AD4: 0 | AE4: 0 | AF4: 0 | AG4: 0 | AH4: 556.25488 | AI4: 900.19874 | AJ4: 1229.1175 | AK4: 6675.0586 | AL4: 10802.385 | AM4: 14749.41 | AN4: 10742.285 | AO4: 780.16136 | AP4: 1109.0801 | AQ4: 9361.9363 | AR4: 13308.962 | AS4: 11335.449
A5: AUS | B5: 36 | C5: 1993 | D5: 1.31089 | E5: 465.93027 | F5: 515.84801 | G5: 843.93046 | H5: 5591.1633 | I5: 6190.1761 | J5: 10127.166 | K5: 7302.835 | L5: 315.85411 | M5: 315.85411 | N5: 111.06958 | O5: 129.74646 | P5: 129.74646 | Q5: 0 | R5: 0 | S5: 0 | T5: 0 | U5: 0 | V5: 0 | W5: 3790.2494 | X5: 3790.2494 | Y5: 1332.8349 | Z5: 1556.9575 | AA5: 1556.9575 | AB5: 0 | AC5: 0 | AD5: 0 | AE5: 0 | AF5: 0 | AG5: 0 | AH5: 576.99985 | AI5: 961.44858 | AJ5: 1289.531 | AK5: 6923.9982 | AL5: 11537.383 | AM5: 15474.372 | AN5: 11311.918 | AO5: 831.70213 | AP5: 1159.7846 | AQ5: 9980.4255 | AR5: 13917.415 | AS5: 11948.92
A6: AUS | B6: 36 | C6: 1994 | D6: 1.299225 | E6: 477.61807 | F6: 530.48548 | G6: 879.52433 | H6: 5731.4168 | I6: 6365.8258 | J6: 10554.292 | K6: 7550.5115 | L6: 329.19625 | M6: 329.19625 | N6: 114.068 | O6: 133.27946 | P6: 133.27946 | Q6: 0 | R6: 0 | S6: 0 | T6: 0 | U6: 0 | V6: 0 | W6: 3950.355 | X6: 3950.355 | Y6: 1368.816 | Z6: 1599.3535 | AA6: 1599.3535 | AB6: 0 | AC6: 0 | AD6: 0 | AE6: 0 | AF6: 0 | AG6: 0 | AH6: 591.68607 | AI6: 992.96119 | AJ6: 1342 | AK6: 7100.2328 | AL6: 11915.534 | AM6: 16104 | AN6: 11706.589 | AO6: 859.68173 | AP6: 1208.7206 | AQ6: 10316.181 | AR6: 14504.647 | AS6: 12410.414
A7: AUS | B7: 36 | C7: 1995 | D7: 1.308996 | E7: 492.0947 | F7: 564.63121 | G7: 887.19395 | H7: 5905.1365 | I7: 6775.5746 | J7: 10646.327 | K7: 7775.6795 | L7: 338.81693 | M7: 338.81693 | N7: 116.19592 | O7: 135.72743 | P7: 135.72743 | Q7: 0 | R7: 0 | S7: 0 | T7: 0 | U7: 0 | V7: 0 | W7: 4065.8031 | X7: 4065.8031 | Y7: 1394.3511 | Z7: 1628.7292 | AA7: 1628.7292 | AB7: 0 | AC7: 0 | AD7: 0 | AE7: 0 | AF7: 0 | AG7: 0 | AH7: 608.29063 | AI7: 1039.1756 | AJ7: 1361.7383 | AK7: 7299.4875 | AL7: 12470.107 | AM7: 16340.86 | AN7: 12036.818 | AO7: 903.44814 | AP7: 1226.0109 | AQ7: 10841.378 | AR7: 14712.131 | AS7: 12776.754
A8: AUS | B8: 36 | C8: 1996 | D8: 1.311426 | E8: 512.9912 | F8: 608.84106 | G8: 925.20152 | H8: 6155.8944 | I8: 7306.0928 | J8: 11102.418 | K8: 8188.1352 | L8: 354.15647 | M8: 354.15647 | N8: 121.92834 | O8: 133.72466 | P8: 133.72466 | Q8: 0 | R8: 0 | S8: 0 | T8: 0 | U8: 0 | V8: 0 | W8: 4249.8776 | X8: 4249.8776 | Y8: 1463.1401 | Z8: 1604.696 | AA8: 1604.696 | AB8: 0 | AC8: 0 | AD8: 0 | AE8: 0 | AF8: 0 | AG8: 0 | AH8: 634.91955 | AI8: 1096.7222 | AJ8: 1413.0827 | AK8: 7619.0345 | AL8: 13160.666 | AM8: 16956.992 | AN8: 12578.898 | AO8: 962.99753 | AP8: 1279.358 | AQ8: 11555.97 | AR8: 15352.296 | AS8: 13454.133
A9: AUS | B9: 36 | C9: 1997 | D9: 1.306627 | E9: 530.96 | F9: 585.70656 | G9: 955.13104 | H9: 6371.52 | I9: 7028.4787 | J9: 11461.572 | K9: 8287.1904 | L9: 469.45303 | M9: 469.45303 | N9: 124.03438 | O9: 144.92787 | P9: 144.92787 | Q9: 0 | R9: 0 | S9: 0 | T9: 0 | U9: 0 | V9: 0 | W9: 5633.4363 | X9: 5633.4363 | Y9: 1488.4125 | Z9: 1739.1344 | AA9: 1739.1344 | AB9: 0 | AC9: 0 | AD9: 0 | AE9: 0 | AF9: 0 | AG9: 0 | AH9: 654.99437 | AI9: 1200.0875 | AJ9: 1569.5119 | AK9: 7859.9325 | AL9: 14401.049 | AM9: 18834.143 | AN9: 13698.375 | AO9: 1055.1596 | AP9: 1424.5841 | AQ9: 12661.915 | AR9: 17095.009 | AS9: 14878.462
A10: AUS | B10: 36 | C10: 1998 | D10: 1.298972 | E10: 536.25739 | F10: 614.67838 | G10: 967.43168 | H10: 6435.0887 | I10: 7376.1405 | J10: 11609.18 | K10: 8473.4698 | L10: 478.45527 | M10: 478.45527 | N10: 125.43252 | O10: 146.58258 | P10: 146.58258 | Q10: 0 | R10: 0 | S10: 0 | T10: 0 | U10: 0 | V10: 0 | W10: 5741.4632 | X10: 5741.4632 | Y10: 1505.1903 | Z10: 1758.991 | AA10: 1758.991 | AB10: 0 | AC10: 0 | AD10: 0 | AE10: 0 | AF10: 0 | AG10: 0 | AH10: 661.68991 | AI10: 1239.7162 | AJ10: 1592.4695 | AK10: 7940.2789 | AL10: 14876.595 | AM10: 19109.634 | AN10: 13975.503 | AO10: 1093.1336 | AP10: 1445.887 | AQ10: 13117.604 | AR10: 17350.643 | AS10: 15234.124
A11: AUS | B11: 36 | C11: 1999 | D11: 1.29695 | E11: 540.26755 | F11: 621.30383 | G11: 974.95406 | H11: 6483.2106 | I11: 7455.6459 | J11: 11699.449 | K11: 8546.1018 | L11: 485.44662 | M11: 485.44662 | N11: 126.63043 | O11: 147.98052 | P11: 147.98052 | Q11: 0 | R11: 0 | S11: 0 | T11: 0 | U11: 0 | V11: 0 | W11: 5825.3595 | X11: 5825.3595 | Y11: 1519.5651 | Z11: 1775.7662 | AA11: 1775.7662 | AB11: 0 | AC11: 0 | AD11: 0 | AE11: 0 | AF11: 0 | AG11: 0 | AH11: 666.89798 | AI11: 1254.731 | AJ11: 1608.3812 | AK11: 8002.7757 | AL11: 15056.772 | AM11: 19300.574 | AN11: 14120.041 | AO11: 1106.7505 | AP11: 1460.4007 | AQ11: 13281.005 | AR11: 17524.808 | AS11: 15402.907
A12: AUS | B12: 36 | C12: 2000 | D12: 1.31208 | E12: 539.48692 | F12: 608.53759 | G12: 973.28923 | H12: 6473.8431 | I12: 7302.4511 | J12: 11679.471 | K12: 8485.255 | L12: 597.02914 | M12: 597.02914 | N12: 140.71551 | O12: 164.35736 | P12: 164.35736 | Q12: 0 | R12: 0 | S12: 0 | T12: 0 | U12: 0 | V12: 0 | W12: 7164.3497 | X12: 7164.3497 | Y12: 1688.5861 | Z12: 1972.2883 | AA12: 1972.2883 | AB12: 0 | AC12: 0 | AD12: 0 | AE12: 0 | AF12: 0 | AG12: 0 | AH12: 680.20243 | AI12: 1369.9241 | AJ12: 1734.6757 | AK12: 8162.4291 | AL12: 16439.089 | AM12: 20816.109 | AN12: 15139.209 | AO12: 1205.5667 | AP12: 1570.3184 | AQ12: 14466.801 | AR12: 18843.82 | AS12: 16655.311
A13: AUS | B13: 36 | C13: 2001 | D13: 1.327545 | E13: 572.53552 | F13: 665.58949 | G13: 1032.7836 | H13: 6870.4262 | I13: 7987.0739 | J13: 12393.403 | K13: 9083.6343 | L13: 705.88944 | M13: 705.88944 | N13: 143.62351 | O13: 167.74573 | P13: 167.74573 | Q13: 0 | R13: 0 | S13: 0 | T13: 0 | U13: 0 | V13: 0 | W13: 8470.6733 | X13: 8470.6733 | Y13: 1723.4821 | Z13: 2012.9487 | AA13: 2012.9487 | AB13: 0 | AC13: 0 | AD13: 0 | AE13: 0 | AF13: 0 | AG13: 0 | AH13: 716.15903 | AI13: 1539.2247 | AJ13: 1906.4187 | AK13: 8593.9083 | AL13: 18470.696 | AM13: 22877.025 | AN13: 16647.21 | AO13: 1371.4789 | AP13: 1738.673 | AQ13: 16457.747 | AR13: 20864.076 | AS13: 18660.912
... A34: AUS | B34: 36 | C34: 2022 | D34: 1.371019 | E34: 1008.7266 | F34: 1135.6273 | G34: 1836.9792 | H34: 12104.719 | I34: 13627.528 | J34: 22043.75 | K34: 15925.332 | L34: 1259.4953 | M34: 886.14138 | N34: 225.67156 | O34: 266.22534 | P34: 266.22534 | Q34: 0 | R34: 0 | S34: 0 | T34: 0 | U34: 0 | V34: 0 | W34: 15113.944 | X34: 10633.697 | Y34: 2708.0588 | Z34: 3194.7041 | AA34: 3194.7041 | AB34: 0 | AC34: 0 | AD34: 0 | AE34: 0 | AF34: 0 | AG34: 0 | AH34: 1234.3982 | AI34: 2661.348 | AJ34: 2989.3459 | AK34: 14812.778 | AL34: 31936.176 | AM34: 35872.151 | AN34: 27540.368 | AO34: 2395.1227 | AP34: 2723.1205 | AQ34: 28741.472 | AR34: 32677.446 | AS34: 30709.459
A35: AUS | B35: 36 | C35: 2023
A36: AUT | B36: 40 | C36: 1990 | D36: 0.920645 | E36: 299.36153 | F36: 479.64177 | G36: 629.67789 | H36: 3592.3384 | I36: 5755.7013 | J36: 7556.1347 | K36: 5634.7248 | L36: 225.05417 | M36: 225.05417 | N36: 188.25584 | O36: 188.25584 | P36: 188.25584 | Q36: 0 | R36: 0 | S36: 0 | T36: 0 | U36: 0 | V36: 0 | W36: 2700.6501 | X36: 2700.6501 | Y36: 2259.0701 | Z36: 2259.0701 | AA36: 2259.0701 | AB36: 0 | AC36: 0 | AD36: 0 | AE36: 0 | AF36: 0 | AG36: 0 | AH36: 487.61738 | AI36: 892.95179 | AJ36: 1042.9879 | AK36: 5851.4085 | AL36: 10715.421 | AM36: 12515.855 | AN36: 9694.2283 | AO36: 704.69595 | AP36: 854.73206 | AQ36: 8456.3514 | AR36: 10256.785 | AS36: 9356.5681
A37: AUT | B37: 40 | C37: 1991 | D37: 0.922961 | E37: 298.61034 | F37: 478.4382 | G37: 628.09783 | H37: 3583.3241 | I37: 5741.2584 | J37: 7537.1739 | K37: 5620.5855 | L37: 224.48944 | M37: 224.48944 | N37: 187.78345 | O37: 187.78345 | P37: 187.78345 | Q37: 0 | R37: 0 | S37: 0 | T37: 0 | U37: 0 | V37: 0 | W37: 2693.8733 | X37: 2693.8733 | Y37: 2253.4014 | Z37: 2253.4014 | AA37: 2253.4014 | AB37: 0 | AC37: 0 | AD37: 0 | AE37: 0 | AF37: 0 | AG37: 0 | AH37: 486.39379 | AI37: 890.71109 | AJ37: 1040.3707 | AK37: 5836.7255 | AL37: 10688.533 | AM37: 12484.449 | AN37: 9669.9024 | AO37: 702.92764 | AP37: 852.58727 | AQ37: 8435.1317 | AR37: 10231.047 | AS37: 9333.0895
A38: AUT | B38: 40 | C38: 1992 | D38: 0.933791 | E38: 338.66786 | F38: 534.86166 | G38: 704.58486 | H38: 4064.0143 | I38: 6418.3399 | J38: 8455.0183 | K38: 6312.4575 | L38: 221.88584 | M38: 221.88584 | N38: 209.35124 | O38: 209.35124 | P38: 209.35124 | Q38: 0 | R38: 0 | S38: 0 | T38: 0 | U38: 0 | V38: 0 | W38: 2662.6301 | X38: 2662.6301 | Y38: 2512.2148 | Z38: 2512.2148 | AA38: 2512.2148 | AB38: 0 | AC38: 0 | AD38: 0 | AE38: 0 | AF38: 0 | AG38: 0 | AH38: 548.0191 | AI38: 966.09873 | AJ38: 1135.8219 | AK38: 6576.2292 | AL38: 11593.185 | AM38: 13629.863 | AN38: 10599.759 | AO38: 756.74749 | AP38: 926.4707 | AQ38: 9080.9699 | AR38: 11117.648 | AS38: 10099.309
A39: AUT | B39: 40 | C39: 1993 | D39: 0.937319 | E39: 351.35423 | F39: 553.79012 | G39: 729.85504 | H39: 4216.2508 | I39: 6645.4814 | J39: 8758.2605 | K39: 6539.9976 | L39: 321.23472 | M39: 321.23472 | N39: 215.46624 | O39: 215.46624 | P39: 215.46624 | Q39: 0 | R39: 0 | S39: 0 | T39: 0 | U39: 0 | V39: 0 | W39: 3854.8167 | X39: 3854.8167 | Y39: 2585.5949 | Z39: 2585.5949 | AA39: 2585.5949 | AB39: 0 | AC39: 0 | AD39: 0 | AE39: 0 | AF39: 0 | AG39: 0 | AH39: 566.82047 | AI39: 1090.4911 | AJ39: 1266.556 | AK39: 6801.8457 | AL39: 13085.893 | AM39: 15198.672 | AN39: 11695.47 | AO39: 875.02484 | AP39: 1051.0898 | AQ39: 10500.298 | AR39: 12613.077 | AS39: 11556.688
A40: AUT | B40: 40 | C40: 1994 | D40: 0.940894 | E40: 358.5186 | F40: 573.62976 | G40: 744.23516 | H40: 4302.2232 | I40: 6883.5571 | J40: 8930.822 | K40: 6705.5341 | L40: 320.01417 | M40: 320.01417 | N40: 221.52432 | O40: 221.52432 | P40: 221.52432 | Q40: 0 | R40: 0 | S40: 0 | T40: 0 | U40: 0 | V40: 0 | W40: 3840.17 | X40: 3840.17 | Y40: 2658.2918 | Z40: 2658.2918 | AA40: 2658.2918 | AB40: 0 | AC40: 0 | AD40: 0 | AE40: 0 | AF40: 0 | AG40: 0 | AH40: 580.04292 | AI40: 1115.1682 | AJ40: 1285.7736 | AK40: 6960.515 | AL40: 13382.019 | AM40: 15429.284 | AN40: 11923.939 | AO40: 893.64393 | AP40: 1064.2493 | AQ40: 10723.727 | AR40: 12770.992 | AS40: 11747.36
A41: AUT | B41: 40 | C41: 1995 | D41: 0.938286 | E41: 369.58774 | F41: 591.34038 | G41: 767.22385 | H41: 4435.0529 | I41: 7096.0846 | J41: 9206.6862 | K41: 6912.6079 | L41: 320.90366 | M41: 320.90366 | N41: 228.41607 | O41: 228.41607 | P41: 228.41607 | Q41: 0 | R41: 0 | S41: 0 | T41: 0 | U41: 0 | V41: 0 | W41: 3850.8439 | X41: 3850.8439 | Y41: 2740.9928 | Z41: 2740.9928 | AA41: 2740.9928 | AB41: 0 | AC41: 0 | AD41: 0 | AE41: 0 | AF41: 0 | AG41: 0 | AH41: 598.00381 | AI41: 1140.6601 | AJ41: 1316.5436 | AK41: 7176.0457 | AL41: 13687.921 | AM41: 15798.523 | AN41: 12220.83 | AO41: 912.24404 | AP41: 1088.1275 | AQ41: 10946.928 | AR41: 13057.53 | AS41: 12002.229
A42: AUT | B42: 40 | C42: 1996 | D42: 0.934143 | E42: 379.78768 | F42: 607.66028 | G42: 788.37073 | H42: 4557.4521 | I42: 7291.9234 | J42: 9460.4488 | K42: 7103.2748 | L42: 322.32689 | M42: 322.32689 | N42: 241.25857 | O42: 243.80112 | P42: 243.80112 | Q42: 0 | R42: 0 | S42: 0 | T42: 0 | U42: 0 | V42: 0 | W42: 3867.9227 | X42: 3867.9227 | Y42: 2895.1028 | Z42: 2925.6134 | AA42: 2925.6134 | AB42: 0 | AC42: 0 | AD42: 0 | AE42: 0 | AF42: 0 | AG42: 0 | AH42: 621.04624 | AI42: 1173.7883 | AJ42: 1354.4987 | AK42: 7452.5549 | AL42: 14085.46 | AM42: 16253.985 | AN42: 12597.333 | AO42: 929.98717 | AP42: 1110.6976 | AQ42: 11159.846 | AR42: 13328.371 | AS42: 12244.109
A43: AUT | B43: 40 | C43: 1997 | D43: 0.931676 | E43: 380.79332 | F43: 609.26932 | G43: 835.56043 | H43: 4569.5199 | I43: 7311.2318 | J43: 10026.725 | K43: 7302.4923 | L43: 323.18039 | M43: 323.18039 | N43: 253.75817 | O43: 258.85597 | P43: 258.85597 | Q43: 0 | R43: 0 | S43: 0 | T43: 0 | U43: 0 | V43: 0 | W43: 3878.1646 | X43: 3878.1646 | Y43: 3045.0981 | Z43: 3106.2716 | AA43: 3106.2716 | AB43: 0 | AC43: 0 | AD43: 0 | AE43: 0 | AF43: 0 | AG43: 0 | AH43: 634.5515 | AI43: 1191.3057 | AJ43: 1417.5968 | AK43: 7614.618 | AL43: 14295.668 | AM43: 17011.161 | AN43: 12973.816 | AO43: 932.4497 | AP43: 1158.7408 | AQ43: 11189.396 | AR43: 13904.89 | AS43: 12547.143
A44: AUT | B44: 40 | C44: 1998 | D44: 0.92277 | E44: 388.32894 | F44: 621.2948 | G44: 832.20098 | H44: 4659.9473 | I44: 7455.5376 | J44: 9986.4118 | K44: 7367.2989 | L44: 326.29952 | M44: 326.29952 | N44: 268.18254 | O44: 275.90342 | P44: 275.90342 | Q44: 0 | R44: 0 | S44: 0 | T44: 0 | U44: 0 | V44: 0 | W44: 3915.5943 | X44: 3915.5943 | Y44: 3218.1904 | Z44: 3310.8411 | AA44: 3310.8411 | AB44: 0 | AC44: 0 | AD44: 0 | AE44: 0 | AF44: 0 | AG44: 0 | AH44: 656.51148 | AI44: 1223.4977 | AJ44: 1434.4039 | AK44: 7878.1378 | AL44: 14681.973 | AM44: 17212.847 | AN44: 13257.653 | AO44: 947.59432 | AP44: 1158.5005 | AQ44: 11371.132 | AR44: 13902.006 | AS44: 12636.569
A45: AUT | B45: 40 | C45: 1999 | D45: 0.923906 | E45: 394.93336 | F45: 631.78321 | G45: 819.68934 | H45: 4739.2003 | I45: 7581.3985 | J45: 9836.2721 | K45: 7385.6236 | L45: 365.24214 | M45: 365.24214 | N45: 279.81331 | O45: 290.09543 | P45: 290.09543 | Q45: 0 | R45: 0 | S45: 0 | T45: 0 | U45: 0 | V45: 0 | W45: 4382.9057 | X45: 4382.9057 | Y45: 3357.7598 | Z45: 3481.1452 | AA45: 3481.1452 | AB45: 0 | AC45: 0 | AD45: 0 | AE45: 0 | AF45: 0 | AG45: 0 | AH45: 674.74667 | AI45: 1287.1208 | AJ45: 1475.0269 | AK45: 8096.9601 | AL45: 15445.449 | AM45: 17700.323 | AN45: 13747.578 | AO45: 997.02536 | AP45: 1184.9315 | AQ45: 11964.304 | AR45: 14219.178 | AS45: 13091.741
A46: AUT | B46: 40 | C46: 2000 | D46: 0.907505 | E46: 411.92434 | F46: 656.09886 | G46: 851.16611 | H46: 4943.0921 | I46: 7873.1864 | J46: 10213.993 | K46: 7676.7573 | L46: 378.51858 | M46: 378.51858 | N46: 297.04696 | O46: 310.13128 | P46: 310.13128 | Q46: 0 | R46: 0 | S46: 0 | T46: 0 | U46: 0 | V46: 0 | W46: 4542.2229 | X46: 4542.2229 | Y46: 3564.5635 | Z46: 3721.5754 | AA46: 3721.5754 | AB46: 0 | AC46: 0 | AD46: 0 | AE46: 0 | AF46: 0 | AG46: 0 | AH46: 708.9713 | AI46: 1344.7487 | AJ46: 1539.816 | AK46: 8507.6556 | AL46: 16136.985 | AM46: 18477.792 | AN46: 14374.144 | AO46: 1034.6174 | AP46: 1229.6847 | AQ46: 12415.409 | AR46: 14756.216 | AS46: 13585.813
A47: AUT | B47: 40 | C47: 2001 | D47: 0.922895 | E47: 411.19954 | F47: 657.76172 | G47: 853.35721 | H47: 4934.3945 | I47: 7893.1406 | J47: 10240.286 | K47: 7689.2739 | L47: 372.20648 | M47: 372.20648 | N47: 304.06709 | O47: 319.50677 | P47: 319.50677 | Q47: 0 | R47: 32.822441 | S47: 32.822441 | T47: 0 | U47: 0 | V47: 0 | W47: 4466.4778 | X47: 4466.4778 | Y47: 3648.8051 | Z47: 3834.0812 | AA47: 3834.0812 | AB47: 0 | AC47: 393.86929 | AD47: 393.86929 | AE47: 0 | AF47: 0 | AG47: 0 | AH47: 715.26663 | AI47: 1382.2974 | AJ47: 1577.8929 | AK47: 8583.1996 | AL47: 16587.569 | AM47: 18934.715 | AN47: 14701.828 | AO47: 1062.7906 | AP47: 1258.3861 | AQ47: 12753.488 | AR47: 15100.634 | AS47: 13927.061
... A68: AUT | B68: 40 | C68: 2022 | D68: 0.696867 | E68: 1088.2637 | F68: 1846.3434 | G68: 2373.3147 | H68: 13059.164 | I68: 22156.121 | J68: 28479.776 | K68: 21231.687 | L68: 590.09872 | M68: 590.09872 | N68: 524.67442 | O68: 550.09527 | P68: 550.09527 | Q68: 0 | R68: 80.030824 | S68: 80.030824 | T68: 0 | U68: 0 | V68: 0 | W68: 7081.1847 | X68: 7081.1847 | Y68: 6296.0931 | Z68: 6601.1433 | AA68: 6601.1433 | AB68: 0 | AC68: 960.36988 | AD68: 960.36988 | AE68: 0 | AF68: 0 | AG68: 0 | AH68: 1612.9381 | AI68: 3066.5682 | AJ68: 3593.5395 | AK68: 19355.257 | AL68: 36798.819 | AM68: 43122.474 | AN68: 33092.183 | AO68: 2516.4729 | AP68: 3043.4442 | AQ68: 30197.675 | AR68: 36521.331 | AS68: 33359.503
A69: AUT | B69: 40 | C69: 2023
A70: BEL | B70: 56 | C70: 1990 | D70: 0.913792 | E70: 469.59746 | F70: 626.11185 | G70: 626.11185 | H70: 5635.1695 | I70: 7513.3422 | J70: 7513.3422 | K70: 6887.2846 | L70: 259.11586 | M70: 259.11586 | N70: 0 | O70: 0 | P70: 0 | Q70: 0 | R70: 0 | S70: 0 | T70: 0 | U70: 0 | V70: 0 | W70: 3109.3903 | X70: 3109.3903 | Y70: 0 | Z70: 0 | AA70: 0 | AB70: 0 | AC70: 0 | AD70: 0 | AE70: 0 | AF70: 0 | AG70: 0 | AH70: 469.59746 | AI70: 885.22771 | AJ70: 885.22771 | AK70: 5635.1695 | AL70: 10622.733 | AM70: 10622.733 | AN70: 8960.2115 | AO70: 885.22771 | AP70: 885.22771 | AQ70: 10622.733 | AR70: 10622.733 | AS70: 10622.733
A71: BEL | B71: 56 | C71: 1991 | D71: 0.909327 | E71: 500.78531 | F71: 634.31351 | G71: 634.31351 | H71: 6009.4237 | I71: 7611.7621 | J71: 7611.7621 | K71: 7077.6493 | L71: 282.49969 | M71: 282.49969 | N71: 0 | O71: 0 | P71: 0 | Q71: 0 | R71: 0 | S71: 0 | T71: 0 | U71: 0 | V71: 0 | W71: 3389.9963 | X71: 3389.9963 | Y71: 0 | Z71: 0 | AA71: 0 | AB71: 0 | AC71: 0 | AD71: 0 | AE71: 0 | AF71: 0 | AG71: 0 | AH71: 500.78531 | AI71: 916.8132 | AJ71: 916.8132 | AK71: 6009.4237 | AL71: 11001.758 | AM71: 11001.758 | AN71: 9337.6469 | AO71: 916.8132 | AP71: 916.8132 | AQ71: 11001.758 | AR71: 11001.758 | AS71: 11001.758
A72: BEL | B72: 56 | C72: 1992 | D72: 0.919512 | E72: 505.13664 | F72: 673.48855 | G72: 673.48855 | H72: 6061.6397 | I72: 8081.8626 | J72: 8081.8626 | K72: 7408.4549 | L72: 301.23718 | M72: 301.23718 | N72: 0 | O72: 0 | P72: 0 | Q72: 0 | R72: 0 | S72: 0 | T72: 0 | U72: 0 | V72: 0 | W72: 3614.8461 | X72: 3614.8461 | Y72: 0 | Z72: 0 | AA72: 0 | AB72: 0 | AC72: 0 | AD72: 0 | AE72: 0 | AF72: 0 | AG72: 0 | AH72: 505.13664 | AI72: 974.72572 | AJ72: 974.72572 | AK72: 6061.6397 | AL72: 11696.709 | AM72: 11696.709 | AN72: 9818.3523 | AO72: 974.72572 | AP72: 974.72572 | AQ72: 11696.709 | AR72: 11696.709 | AS72: 11696.709
A73: BEL | B73: 56 | C73: 1993 | D73: 0.934089 | E73: 517.32544 | F73: 689.76725 | G73: 689.76725 | H73: 6207.9052 | I73: 8277.207 | J73: 8277.207 | K73: 7587.4397 | L73: 303.09403 | M73: 303.09403 | N73: 0 | O73: 0 | P73: 0 | Q73: 0 | R73: 0 | S73: 0 | T73: 0 | U73: 0 | V73: 0 | W73: 3637.1284 | X73: 3637.1284 | Y73: 0 | Z73: 0 | AA73: 0 | AB73: 0 | AC73: 0 | AD73: 0 | AE73: 0 | AF73: 0 | AG73: 0 | AH73: 517.32544 | AI73: 992.86128 | AJ73: 992.86128 | AK73: 6207.9052 | AL73: 11914.335 | AM73: 11914.335 | AN73: 10012.192 | AO73: 992.86128 | AP73: 992.86128 | AQ73: 11914.335 | AR73: 11914.335 | AS73: 11914.335
A74: BEL | B74: 56 | C74: 1994 | D74: 0.933713 | E74: 523.48334 | F74: 697.98664 | G74: 697.98664 | H74: 6281.8001 | I74: 8375.8397 | J74: 8375.8397 | K74: 7677.8265 | L74: 309.77656 | M74: 309.77656 | N74: 0 | O74: 0 | P74: 0 | Q74: 0 | R74: 0 | S74: 0 | T74: 0 | U74: 0 | V74: 0 | W74: 3717.3187 | X74: 3717.3187 | Y74: 0 | Z74: 0 | AA74: 0 | AB74: 0 | AC74: 0 | AD74: 0 | AE74: 0 | AF74: 0 | AG74: 0 | AH74: 523.48334 | AI74: 1007.7632 | AJ74: 1007.7632 | AK74: 6281.8001 | AL74: 12093.158 | AM74: 12093.158 | AN74: 10156.039 | AO74: 1007.7632 | AP74: 1007.7632 | AQ74: 12093.158 | AR74: 12093.158 | AS74: 12093.158
A75: BEL | B75: 56 | C75: 1995 | D75: 0.925701 | E75: 538.56958 | F75: 718.11957 | G75: 718.11957 | H75: 6462.835 | I75: 8617.4348 | J75: 8617.4348 | K75: 7899.2349 | L75: 319.07495 | M75: 319.07495 | N75: 0 | O75: 0 | P75: 0 | Q75: 0 | R75: 0 | S75: 0 | T75: 0 | U75: 0 | V75: 0 | W75: 3828.8994 | X75: 3828.8994 | Y75: 0 | Z75: 0 | AA75: 0 | AB75: 0 | AC75: 0 | AD75: 0 | AE75: 0 | AF75: 0 | AG75: 0 | AH75: 538.56958 | AI75: 1037.1945 | AJ75: 1037.1945 | AK75: 6462.835 | AL75: 12446.334 | AM75: 12446.334 | AN75: 10451.834 | AO75: 1037.1945 | AP75: 1037.1945 | AQ75: 12446.334 | AR75: 12446.334 | AS75: 12446.334
A76: BEL | B76: 56 | C76: 1996 | D76: 0.927935 | E76: 548.01683 | F76: 730.71584 | G76: 730.71584 | H76: 6576.202 | I76: 8768.59 | J76: 8768.59 | K76: 8037.794 | L76: 324.72102 | M76: 324.72102 | N76: 0 | O76: 0 | P76: 0 | Q76: 0 | R76: 0 | S76: 0 | T76: 0 | U76: 0 | V76: 0 | W76: 3896.6522 | X76: 3896.6522 | Y76: 0 | Z76: 0 | AA76: 0 | AB76: 0 | AC76: 0 | AD76: 0 | AE76: 0 | AF76: 0 | AG76: 0 | AH76: 548.01683 | AI76: 1055.4369 | AJ76: 1055.4369 | AK76: 6576.202 | AL76: 12665.242 | AM76: 12665.242 | AN76: 10635.562 | AO76: 1055.4369 | AP76: 1055.4369 | AQ76: 12665.242 | AR76: 12665.242 | AS76: 12665.242
A77: BEL | B77: 56 | C77: 1997 | D77: 0.927651 | E77: 548.18461 | F77: 730.93955 | G77: 730.93955 | H77: 6578.2153 | I77: 8771.2745 | J77: 8771.2745 | K77: 8040.2548 | L77: 331.23664 | M77: 331.23664 | N77: 0 | O77: 0 | P77: 0 | Q77: 0 | R77: 0 | S77: 0 | T77: 0 | U77: 0 | V77: 0 | W77: 3974.8397 | X77: 3974.8397 | Y77: 0 | Z77: 0 | AA77: 0 | AB77: 0 | AC77: 0 | AD77: 0 | AE77: 0 | AF77: 0 | AG77: 0 | AH77: 548.18461 | AI77: 1062.1762 | AJ77: 1062.1762 | AK77: 6578.2153 | AL77: 12746.114 | AM77: 12746.114 | AN77: 10690.148 | AO77: 1062.1762 | AP77: 1062.1762 | AQ77: 12746.114 | AR77: 12746.114 | AS77: 12746.114
A78: BEL | B78: 56 | C78: 1998 | D78: 0.935605 | E78: 554.41858 | F78: 739.22478 | G78: 739.22478 | H78: 6653.023 | I78: 8870.6974 | J78: 8870.6974 | K78: 8131.4726 | L78: 325.37235 | M78: 325.37235 | N78: 0 | O78: 0 | P78: 0 | Q78: 0 | R78: 0 | S78: 0 | T78: 0 | U78: 0 | V78: 0 | W78: 3904.4682 | X78: 3904.4682 | Y78: 0 | Z78: 0 | AA78: 0 | AB78: 0 | AC78: 0 | AD78: 0 | AE78: 0 | AF78: 0 | AG78: 0 | AH78: 554.41858 | AI78: 1064.5971 | AJ78: 1064.5971 | AK78: 6653.023 | AL78: 12775.166 | AM78: 12775.166 | AN78: 10734.451 | AO78: 1064.5971 | AP78: 1064.5971 | AQ78: 12775.166 | AR78: 12775.166 | AS78: 12775.166
A79: BEL | B79: 56 | C79: 1999 | D79: 0.931348 | E79: 562.75764 | F79: 757.43546 | G79: 757.43546 | H79: 6753.0916 | I79: 9089.2255 | J79: 9089.2255 | K79: 8310.5142 | L79: 323.79733 | M79: 323.79733 | N79: 0 | O79: 0 | P79: 0 | Q79: 0 | R79: 0 | S79: 0 | T79: 0 | U79: 0 | V79: 0 | W79: 3885.568 | X79: 3885.568 | Y79: 0 | Z79: 0 | AA79: 0 | AB79: 0 | AC79: 0 | AD79: 0 | AE79: 0 | AF79: 0 | AG79: 0 | AH79: 562.75764 | AI79: 1081.2328 | AJ79: 1081.2328 | AK79: 6753.0916 | AL79: 12974.794 | AM79: 12974.794 | AN79: 10900.893 | AO79: 1081.2328 | AP79: 1081.2328 | AQ79: 12974.794 | AR79: 12974.794 | AS79: 12974.794
A80: BEL | B80: 56 | C80: 2000 | D80: 0.9 | E80: 599.63644 | F80: 799.52444 | G80: 799.52444 | H80: 7195.6373 | I80: 9594.2933 | J80: 9594.2933 | K80: 8794.7413 | L80: 347.696 | M80: 347.696 | N80: 0 | O80: 0 | P80: 0 | Q80: 0 | R80: 0 | S80: 0 | T80: 0 | U80: 0 | V80: 0 | W80: 4172.352 | X80: 4172.352 | Y80: 0 | Z80: 0 | AA80: 0 | AB80: 0 | AC80: 0 | AD80: 0 | AE80: 0 | AF80: 0 | AG80: 0 | AH80: 599.63644 | AI80: 1147.2204 | AJ80: 1147.2204 | AK80: 7195.6373 | AL80: 13766.645 | AM80: 13766.645 | AN80: 11576.309 | AO80: 1147.2204 | AP80: 1147.2204 | AQ80: 13766.645 | AR80: 13766.645 | AS80: 13766.645
A81: BEL | B81: 56 | C81: 2001 | D81: 0.892366 | E81: 616.85542 | F81: 822.48315 | G81: 822.48315 | H81: 7402.265 | I81: 9869.7978 | J81: 9869.7978 | K81: 9047.2869 | L81: 363.39887 | M81: 363.39887 | N81: 0 | O81: 0 | P81: 0 | Q81: 0 | R81: 0 | S81: 0 | T81: 0 | U81: 0 | V81: 0 | W81: 4360.7865 | X81: 4360.7865 | Y81: 0 | Z81: 0 | AA81: 0 | AB81: 0 | AC81: 0 | AD81: 0 | AE81: 0 | AF81: 0 | AG81: 0 | AH81: 616.85542 | AI81: 1185.882 | AJ81: 1185.882 | AK81: 7402.265 | AL81: 14230.584 | AM81: 14230.584 | AN81: 11954.478 | AO81: 1185.882 | AP81: 1185.882 | AQ81: 14230.584 | AR81: 14230.584 | AS81: 14230.584
... A102: BEL | B102: 56 | C102: 2022 | D102: 0.69464 | E102: 1544.3403 | F102: 2123.0899 | G102: 2159.0952 | H102: 18532.084 | I102: 25477.079 | J102: 25909.143 | K102: 23306.102 | L102: 713.24146 | M102: 685.67338 | N102: 0 | O102: 0 | P102: 0 | Q102: 0 | R102: 115.21704 | S102: 115.21704 | T102: 0 | U102: 0 | V102: 0 | W102: 8558.8975 | X102: 8228.0806 | Y102: 0 | Z102: 0 | AA102: 0 | AB102: 0 | AC102: 1382.6044 | AD102: 1382.6044 | AE102: 0 | AF102: 0 | AG102: 0 | AH102: 1544.3403 | AI102: 2951.5484 | AJ102: 2959.9857 | AK102: 18532.084 | AL102: 35418.581 | AM102: 35519.828 | AN102: 29823.498 | AO102: 2951.5484 | AP102: 2959.9857 | AQ102: 35418.581 | AR102: 35519.828 | AS102: 35469.204
A103: BEL | B103: 56 | C103: 2023
A104: BGR | B104: 100 | C104: 1990 | E104: N.A. | F104: N.A. | G104: N.A. | H104: N.A. | I104: N.A. | J104: N.A. | K104: N.A. | L104: N.A. | M104: N.A. | N104: N.A. | O104: N.A. | P104: N.A. | Q104: N.A. | R104: N.A. | S104: N.A. | T104: N.A. | U104: N.A. | V104: N.A. | W104: N.A. | X104: N.A. | Y104: N.A. | Z104: N.A. | AA104: N.A. | AB104: N.A. | AC104: N.A. | AD104: N.A. | AE104: N.A. | AF104: N.A. | AG104: N.A. | AH104: N.A. | AI104: N.A. | AJ104: N.A. | AK104: N.A. | AL104: N.A. | AM104: N.A. | AN104: N.A. | AO104: N.A. | AP104: N.A. | AQ104: N.A. | AR104: N.A. | AS104: N.A.
A105: BGR | B105: 100 | C105: 1991 | E105: N.A. | F105: N.A. | G105: N.A. | H105: N.A. | I105: N.A. | J105: N.A. | K105: N.A. | L105: N.A. | M105: N.A. | N105: N.A. | O105: N.A. | P105: N.A. | Q105: N.A. | R105: N.A. | S105: N.A. | T105: N.A. | U105: N.A. | V105: N.A. | W105: N.A. | X105: N.A. | Y105: N.A. | Z105: N.A. | AA105: N.A. | AB105: N.A. | AC105: N.A. | AD105: N.A. | AE105: N.A. | AF105: N.A. | AG105: N.A. | AH105: N.A. | AI105: N.A. | AJ105: N.A. | AK105: N.A. | AL105: N.A. | AM105: N.A. | AN105: N.A. | AO105: N.A. | AP105: N.A. | AQ105: N.A. | AR105: N.A. | AS105: N.A.
A106: BGR | B106: 100 | C106: 1992 | E106: N.A. | F106: N.A. | G106: N.A. | H106: N.A. | I106: N.A. | J106: N.A. | K106: N.A. | L106: N.A. | M106: N.A. | N106: N.A. | O106: N.A. | P106: N.A. | Q106: N.A. | R106: N.A. | S106: N.A. | T106: N.A. | U106: N.A. | V106: N.A. | W106: N.A. | X106: N.A. | Y106: N.A. | Z106: N.A. | AA106: N.A. | AB106: N.A. | AC106: N.A. | AD106: N.A. | AE106: N.A. | AF106: N.A. | AG106: N.A. | AH106: N.A. | AI106: N.A. | AJ106: N.A. | AK106: N.A. | AL106: N.A. | AM106: N.A. | AN106: N.A. | AO106: N.A. | AP106: N.A. | AQ106: N.A. | AR106: N.A. | AS106: N.A.
A107: BGR | B107: 100 | C107: 1993 | E107: N.A. | F107: N.A. | G107: N.A. | H107: N.A. | I107: N.A. | J107: N.A. | K107: N.A. | L107: N.A. | M107: N.A. | N107: N.A. | O107: N.A. | P107: N.A. | Q107: N.A. | R107: N.A. | S107: N.A. | T107: N.A. | U107: N.A. | V107: N.A. | W107: N.A. | X107: N.A. | Y107: N.A. | Z107: N.A. | AA107: N.A. | AB107: N.A. | AC107: N.A. | AD107: N.A. | AE107: N.A. | AF107: N.A. | AG107: N.A. | AH107: N.A. | AI107: N.A. | AJ107: N.A. | AK107: N.A. | AL107: N.A. | AM107: N.A. | AN107: N.A. | AO107: N.A. | AP107: N.A. | AQ107: N.A. | AR107: N.A. | AS107: N.A.
A108: BGR | B108: 100 | C108: 1994 | E108: N.A. | F108: N.A. | G108: N.A. | H108: N.A. | I108: N.A. | J108: N.A. | K108: N.A. | L108: N.A. | M108: N.A. | N108: N.A. | O108: N.A. | P108: N.A. | Q108: N.A. | R108: N.A. | S108: N.A. | T108: N.A. | U108: N.A. | V108: N.A. | W108: N.A. | X108: N.A. | Y108: N.A. | Z108: N.A. | AA108: N.A. | AB108: N.A. | AC108: N.A. | AD108: N.A. | AE108: N.A. | AF108: N.A. | AG108: N.A. | AH108: N.A. | AI108: N.A. | AJ108: N.A. | AK108: N.A. | AL108: N.A. | AM108: N.A. | AN108: N.A. | AO108: N.A. | AP108: N.A. | AQ108: N.A. | AR108: N.A. | AS108: N.A.
A109: BGR | B109: 100 | C109: 1995 | D109: 0.019598 | E109: N.A. | F109: N.A. | G109: N.A. | H109: N.A. | I109: N.A. | J109: N.A. | K109: N.A. | L109: N.A. | M109: N.A. | N109: N.A. | O109: N.A. | P109: N.A. | Q109: N.A. | R109: N.A. | S109: N.A. | T109: N.A. | U109: N.A. | V109: N.A. | W109: N.A. | X109: N.A. | Y109: N.A. | Z109: N.A. | AA109: N.A. | AB109: N.A. | AC109: N.A. | AD109: N.A. | AE109: N.A. | AF109: N.A. | AG109: N.A. | AH109: N.A. | AI109: N.A. | AJ109: N.A. | AK109: N.A. | AL109: N.A. | AM109: N.A. | AN109: N.A. | AO109: N.A. | AP109: N.A. | AQ109: N.A. | AR109: N.A. | AS109: N.A.
A110: BGR | B110: 100 | C110: 1996 | D110: 0.038186 | E110: N.A. | F110: N.A. | G110: N.A. | H110: N.A. | I110: N.A. | J110: N.A. | K110: N.A. | L110: N.A. | M110: N.A. | N110: N.A. | O110: N.A. | P110: N.A. | Q110: N.A. | R110: N.A. | S110: N.A. | T110: N.A. | U110: N.A. | V110: N.A. | W110: N.A. | X110: N.A. | Y110: N.A. | Z110: N.A. | AA110: N.A. | AB110: N.A. | AC110: N.A. | AD110: N.A. | AE110: N.A. | AF110: N.A. | AG110: N.A. | AH110: N.A. | AI110: N.A. | AJ110: N.A. | AK110: N.A. | AL110: N.A. | AM110: N.A. | AN110: N.A. | AO110: N.A. | AP110: N.A. | AQ110: N.A. | AR110: N.A. | AS110: N.A.
A111: BGR | B111: 100 | C111: 1997 | D111: 0.398185 | E111: N.A. | F111: N.A. | G111: N.A. | H111: N.A. | I111: N.A. | J111: N.A. | K111: N.A. | L111: N.A. | M111: N.A. | N111: N.A. | O111: N.A. | P111: N.A. | Q111: N.A. | R111: N.A. | S111: N.A. | T111: N.A. | U111: N.A. | V111: N.A. | W111: N.A. | X111: N.A. | Y111: N.A. | Z111: N.A. | AA111: N.A. | AB111: N.A. | AC111: N.A. | AD111: N.A. | AE111: N.A. | AF111: N.A. | AG111: N.A. | AH111: N.A. | AI111: N.A. | AJ111: N.A. | AK111: N.A. | AL111: N.A. | AM111: N.A. | AN111: N.A. | AO111: N.A. | AP111: N.A. | AQ111: N.A. | AR111: N.A. | AS111: N.A.
A112: BGR | B112: 100 | C112: 1998 | D112: 0.518733 | E112: N.A. | F112: N.A. | G112: N.A. | H112: N.A. | I112: N.A. | J112: N.A. | K112: N.A. | L112: N.A. | M112: N.A. | N112: N.A. | O112: N.A. | P112: N.A. | Q112: N.A. | R112: N.A. | S112: N.A. | T112: N.A. | U112: N.A. | V112: N.A. | W112: N.A. | X112: N.A. | Y112: N.A. | Z112: N.A. | AA112: N.A. | AB112: N.A. | AC112: N.A. | AD112: N.A. | AE112: N.A. | AF112: N.A. | AG112: N.A. | AH112: N.A. | AI112: N.A. | AJ112: N.A. | AK112: N.A. | AL112: N.A. | AM112: N.A. | AN112: N.A. | AO112: N.A. | AP112: N.A. | AQ112: N.A. | AR112: N.A. | AS112: N.A.
A113: BGR | B113: 100 | C113: 1999 | D113: 0.525167 | E113: N.A. | F113: N.A. | G113: N.A. | H113: N.A. | I113: N.A. | J113: N.A. | K113: N.A. | L113: N.A. | M113: N.A. | N113: N.A. | O113: N.A. | P113: N.A. | Q113: N.A. | R113: N.A. | S113: N.A. | T113: N.A. | U113: N.A. | V113: N.A. | W113: N.A. | X113: N.A. | Y113: N.A. | Z113: N.A. | AA113: N.A. | AB113: N.A. | AC113: N.A. | AD113: N.A. | AE113: N.A. | AF113: N.A. | AG113: N.A. | AH113: N.A. | AI113: N.A. | AJ113: N.A. | AK113: N.A. | AL113: N.A. | AM113: N.A. | AN113: N.A. | AO113: N.A. | AP113: N.A. | AQ113: N.A. | AR113: N.A. | AS113: N.A.
A114: BGR | B114: 100 | C114: 2000 | D114: 0.53593 | E114: N.A. | F114: N.A. | G114: N.A. | H114: N.A. | I114: N.A. | J114: N.A. | K114: N.A. | L114: N.A. | M114: N.A. | N114: N.A. | O114: N.A. | P114: N.A. | Q114: N.A. | R114: N.A. | S114: N.A. | T114: N.A. | U114: N.A. | V114: N.A. | W114: N.A. | X114: N.A. | Y114: N.A. | Z114: N.A. | AA114: N.A. | AB114: N.A. | AC114: N.A. | AD114: N.A. | AE114: N.A. | AF114: N.A. | AG114: N.A. | AH114: N.A. | AI114: N.A. | AJ114: N.A. | AK114: N.A. | AL114: N.A. | AM114: N.A. | AN114: N.A. | AO114: N.A. | AP114: N.A. | AQ114: N.A. | AR114: N.A. | AS114: N.A.
A115: BGR | B115: 100 | C115: 2001 | D115: 0.555852 | E115: N.A. | F115: N.A. | G115: N.A. | H115: N.A. | I115: N.A. | J115: N.A. | K115: N.A. | L115: N.A. | M115: N.A. | N115: N.A. | O115: N.A. | P115: N.A. | Q115: N.A. | R115: N.A. | S115: N.A. | T115: N.A. | U115: N.A. | V115: N.A. | W115: N.A. | X115: N.A. | Y115: N.A. | Z115: N.A. | AA115: N.A. | AB115: N.A. | AC115: N.A. | AD115: N.A. | AE115: N.A. | AF115: N.A. | AG115: N.A. | AH115: N.A. | AI115: N.A. | AJ115: N.A. | AK115: N.A. | AL115: N.A. | AM115: N.A. | AN115: N.A. | AO115: N.A. | AP115: N.A. | AQ115: N.A. | AR115: N.A. | AS115: N.A.
A116: BGR | B116: 100 | C116: 2002 | D116: 0.547674 | E116: N.A. | F116: N.A. | G116: N.A. | H116: N.A. | I116: N.A. | J116: N.A. | K116: N.A. | L116: N.A. | M116: N.A. | N116: N.A. | O116: N.A. | P116: N.A. | Q116: N.A. | R116: N.A. | S116: N.A. | T116: N.A. | U116: N.A. | V116: N.A. | W116: N.A. | X116: N.A. | Y116: N.A. | Z116: N.A. | AA116: N.A. | AB116: N.A. | AC116: N.A. | AD116: N.A. | AE116: N.A. | AF116: N.A. | AG116: N.A. | AH116: N.A. | AI116: N.A. | AJ116: N.A. | AK116: N.A. | AL116: N.A. | AM116: N.A. | AN116: N.A. | AO116: N.A. | AP116: N.A. | AQ116: N.A. | AR116: N.A. | AS116: N.A.
A117: BGR | B117: 100 | C117: 2003 | D117: 0.559797 | E117: N.A. | F117: N.A. | G117: N.A. | H117: N.A. | I117: N.A. | J117: N.A. | K117: N.A. | L117: N.A. | M117: N.A. | N117: N.A. | O117: N.A. | P117: N.A. | Q117: N.A. | R117: N.A. | S117: N.A. | T117: N.A. | U117: N.A. | V117: N.A. | W117: N.A. | X117: N.A. | Y117: N.A. | Z117: N.A. | AA117: N.A. | AB117: N.A. | AC117: N.A. | AD117: N.A. | AE117: N.A. | AF117: N.A. | AG117: N.A. | AH117: N.A. | AI117: N.A. | AJ117: N.A. | AK117: N.A. | AL117: N.A. | AM117: N.A. | AN117: N.A. | AO117: N.A. | AP117: N.A. | AQ117: N.A. | AR117: N.A. | AS117: N.A.
A118: BGR | B118: 100 | C118: 2004 | D118: 0.580243 | E118: N.A. | F118: N.A. | G118: N.A. | H118: N.A. | I118: N.A. | J118: N.A. | K118: N.A. | L118: N.A. | M118: N.A. | N118: N.A. | O118: N.A. | P118: N.A. | Q118: N.A. | R118: N.A. | S118: N.A. | T118: N.A. | U118: N.A. | V118: N.A. | W118: N.A. | X118: N.A. | Y118: N.A. | Z118: N.A. | AA118: N.A. | AB118: N.A. | AC118: N.A. | AD118: N.A. | AE118: N.A. | AF118: N.A. | AG118: N.A. | AH118: N.A. | AI118: N.A. | AJ118: N.A. | AK118: N.A. | AL118: N.A. | AM118: N.A. | AN118: N.A. | AO118: N.A. | AP118: N.A. | AQ118: N.A. | AR118: N.A. | AS118: N.A.
A119: BGR | B119: 100 | C119: 2005 | D119: 0.596499 | E119: N.A. | F119: N.A. | G119: N.A. | H119: N.A. | I119: N.A. | J119: N.A. | K119: N.A. | L119: N.A. | M119: N.A. | N119: N.A. | O119: N.A. | P119: N.A. | Q119: N.A. | R119: N.A. | S119: N.A. | T119: N.A. | U119: N.A. | V119: N.A. | W119: N.A. | X119: N.A. | Y119: N.A. | Z119: N.A. | AA119: N.A. | AB119: N.A. | AC119: N.A. | AD119: N.A. | AE119: N.A. | AF119: N.A. | AG119: N.A. | AH119: N.A. | AI119: N.A. | AJ119: N.A. | AK119: N.A. | AL119: N.A. | AM119: N.A. | AN119: N.A. | AO119: N.A. | AP119: N.A. | AQ119: N.A. | AR119: N.A. | AS119: N.A.
A120: BGR | B120: 100 | C120: 2006 | D120: 0.618264 | E120: N.A. | F120: N.A. | G120: N.A. | H120: N.A. | I120: N.A. | J120: N.A. | K120: N.A. | L120: N.A. | M120: N.A. | N120: N.A. | O120: N.A. | P120: N.A. | Q120: N.A. | R120: N.A. | S120: N.A. | T120: N.A. | U120: N.A. | V120: N.A. | W120: N.A. | X120: N.A. | Y120: N.A. | Z120: N.A. | AA120: N.A. | AB120: N.A. | AC120: N.A. | AD120: N.A. | AE120: N.A. | AF120: N.A. | AG120: N.A. | AH120: N.A. | AI120: N.A. | AJ120: N.A. | AK120: N.A. | AL120: N.A. | AM120: N.A. | AN120: N.A. | AO120: N.A. | AP120: N.A. | AQ120: N.A. | AR120: N.A. | AS120: N.A.
A121: BGR | B121: 100 | C121: 2007 | D121: 0.656351 | E121: 134.49359 | F121: 209.49157 | G121: 236.30649 | H121: 1613.923 | I121: 2513.8988 | J121: 2835.6779 | K121: 2321.1666 | L121: 57.895851 | M121: 57.895851 | N121: 0 | O121: 0 | P121: 0 | Q121: 0 | R121: 0 | S121: 0 | T121: 0 | U121: 0 | V121: 0 | W121: 694.75022 | X121: 694.75022 | Y121: 0 | Z121: 0 | AA121: 0 | AB121: 0 | AC121: 0 | AD121: 0 | AE121: 0 | AF121: 0 | AG121: 0 | AH121: 134.49359 | AI121: 267.38742 | AJ121: 294.20234 | AK121: 1613.923 | AL121: 3208.649 | AM121: 3530.4281 | AN121: 2784.3334 | AO121: 267.38742 | AP121: 294.20234 | AQ121: 3208.649 | AR121: 3530.4281 | AS121: 3369.5386
A122: BGR | B122: 100 | C122: 2008 | D122: 0.677678 | E122: 106.58454 | F122: 190.13455 | G122: 216.10558 | H122: 1279.0145 | I122: 2281.6146 | J122: 2593.267 | K122: 2051.2987 | L122: 73.781353 | M122: 73.781353 | N122: 0 | O122: 0 | P122: 0 | Q122: 0 | R122: 0 | S122: 0 | T122: 0 | U122: 0 | V122: 0 | W122: 885.37624 | X122: 885.37624 | Y122: 0 | Z122: 0 | AA122: 0 | AB122: 0 | AC122: 0 | AD122: 0 | AE122: 0 | AF122: 0 | AG122: 0 | AH122: 106.58454 | AI122: 263.9159 | AJ122: 289.88694 | AK122: 1279.0145 | AL122: 3166.9908 | AM122: 3478.6432 | AN122: 2641.5495 | AO122: 263.9159 | AP122: 289.88694 | AQ122: 3166.9908 | AR122: 3478.6432 | AS122: 3322.817
A123: BGR | B123: 100 | C123: 2009 | D123: 0.693189 | E123: 101.64616 | F123: 178.61891 | G123: 208.62516 | H123: 1219.7539 | I123: 2143.427 | J123: 2503.5019 | K123: 1955.5609 | L123: 119.01516 | M123: 119.01516 | N123: 0 | O123: 0 | P123: 0 | Q123: 0 | R123: 0 | S123: 0 | T123: 0 | U123: 0 | V123: 0 | W123: 1428.1819 | X123: 1428.1819 | Y123: 0 | Z123: 0 | AA123: 0 | AB123: 0 | AC123: 0 | AD123: 0 | AE123: 0 | AF123: 0 | AG123: 0 | AH123: 101.64616 | AI123: 297.63407 | AJ123: 327.64032 | AK123: 1219.7539 | AL123: 3571.6089 | AM123: 3931.6839 | AN123: 2907.6822 | AO123: 297.63407 | AP123: 327.64032 | AQ123: 3571.6089 | AR123: 3931.6839 | AS123: 3751.6464
A124: BGR | B124: 100 | C124: 2010 | D124: 0.676972 | E124: 105.08559 | F124: 183.89485 | G124: 214.61991 | H124: 1261.027 | I124: 2206.7382 | J124: 2575.4389 | K124: 2014.4014 | L124: 121.86619 | M124: 121.86619 | N124: 0 | O124: 0 | P124: 0 | Q124: 0 | R124: 0 | S124: 0 | T124: 0 | U124: 0 | V124: 0 | W124: 1462.3943 | X124: 1462.3943 | Y124: 0 | Z124: 0 | AA124: 0 | AB124: 0 | AC124: 0 | AD124: 0 | AE124: 0 | AF124: 0 | AG124: 0 | AH124: 105.08559 | AI124: 305.76105 | AJ124: 336.4861 | AK124: 1261.027 | AL124: 3669.1325 | AM124: 4037.8332 | AN124: 2989.3309 | AO124: 305.76105 | AP124: 336.4861 | AQ124: 3669.1325 | AR124: 4037.8332 | AS124: 3853.4829
A125: BGR | B125: 100 | C125: 2011 | D125: 0.701074 | E125: 101.47288 | F125: 177.57279 | G125: 207.24156 | H125: 1217.6746 | I125: 2130.8735 | J125: 2486.8987 | K125: 1945.1489 | L125: 117.67659 | M125: 117.67659 | N125: 0 | O125: 0 | P125: 0 | Q125: 0 | R125: 0 | S125: 0 | T125: 0 | U125: 0 | V125: 0 | W125: 1412.1191 | X125: 1412.1191 | Y125: 0 | Z125: 0 | AA125: 0 | AB125: 0 | AC125: 0 | AD125: 0 | AE125: 0 | AF125: 0 | AG125: 0 | AH125: 101.47288 | AI125: 295.24938 | AJ125: 324.91815 | AK125: 1217.6746 | AL125: 3542.9926 | AM125: 3899.0178 | AN125: 2886.5617 | AO125: 295.24938 | AP125: 324.91815 | AQ125: 3542.9926 | AR125: 3899.0178 | AS125: 3721.0052
A126: BGR | B126: 100 | C126: 2012 | D126: 0.692815 | E126: 102.68253 | F126: 179.68962 | G126: 209.71207 | H126: 1232.1904 | I126: 2156.2755 | J126: 2516.5448 | K126: 1968.3369 | L126: 119.07941 | M126: 119.07941 | N126: 0 | O126: 0 | P126: 0 | Q126: 0 | R126: 0 | S126: 0 | T126: 0 | U126: 0 | V126: 0 | W126: 1428.9529 | X126: 1428.9529 | Y126: 0 | Z126: 0 | AA126: 0 | AB126: 0 | AC126: 0 | AD126: 0 | AE126: 0 | AF126: 0 | AG126: 0 | AH126: 102.68253 | AI126: 298.76903 | AJ126: 328.79148 | AK126: 1232.1904 | AL126: 3585.2284 | AM126: 3945.4977 | AN126: 2920.9722 | AO126: 298.76903 | AP126: 328.79148 | AQ126: 3585.2284 | AR126: 3945.4977 | AS126: 3765.363
A127: BGR | B127: 100 | C127: 2013 | D127: 0.680004 | E127: 108.20525 | F127: 176.24896 | G127: 206.83702 | H127: 1298.463 | I127: 2114.9876 | J127: 2482.0442 | K127: 1965.1649 | L127: 133.57765 | M127: 133.57765 | N127: 0 | O127: 0 | P127: 0 | Q127: 0 | R127: 0 | S127: 0 | T127: 0 | U127: 0 | V127: 0 | W127: 1602.9317 | X127: 1602.9317 | Y127: 0 | Z127: 0 | AA127: 0 | AB127: 0 | AC127: 0 | AD127: 0 | AE127: 0 | AF127: 0 | AG127: 0 | AH127: 108.20525 | AI127: 309.82661 | AJ127: 340.41466 | AK127: 1298.463 | AL127: 3717.9193 | AM127: 4084.976 | AN127: 3033.7861 | AO127: 309.82661 | AP127: 340.41466 | AQ127: 3717.9193 | AR127: 4084.976 | AS127: 3901.4476
A128: BGR | B128: 100 | C128: 2014 | D128: 0.661233 | E128: 111.27696 | F128: 131.14389 | G128: 162.60027 | H128: 1335.3236 | I128: 1573.7267 | J128: 1951.2033 | K128: 1620.0845 | L128: 191.56132 | M128: 191.56132 | N128: 0 | O128: 0 | P128: 0 | Q128: 0 | R128: 0 | S128: 0 | T128: 0 | U128: 0 | V128: 0 | W128: 2298.7358 | X128: 2298.7358 | Y128: 0 | Z128: 0 | AA128: 0 | AB128: 0 | AC128: 0 | AD128: 0 | AE128: 0 | AF128: 0 | AG128: 0 | AH128: 111.27696 | AI128: 322.70521 | AJ128: 354.16159 | AK128: 1335.3236 | AL128: 3872.4625 | AM128: 4249.9391 | AN128: 3152.5751 | AO128: 322.70521 | AP128: 354.16159 | AQ128: 3872.4625 | AR128: 4249.9391 | AS128: 4061.2008
A129: BGR | B129: 100 | C129: 2015 | D129: 0.678698 | E129: 114.23343 | F129: 127.76915 | G129: 158.41607 | H129: 1370.8012 | I129: 1533.2298 | J129: 1900.9928 | K129: 1601.6746 | L129: 186.63185 | M129: 186.63185 | N129: 0 | O129: 0 | P129: 0 | Q129: 0 | R129: 0 | S129: 0 | T129: 0 | U129: 0 | V129: 0 | W129: 2239.5823 | X129: 2239.5823 | Y129: 0 | Z129: 0 | AA129: 0 | AB129: 0 | AC129: 0 | AD129: 0 | AE129: 0 | AF129: 0 | AG129: 0 | AH129: 114.23343 | AI129: 314.40101 | AJ129: 345.04792 | AK129: 1370.8012 | AL129: 3772.8121 | AM129: 4140.575 | AN129: 3094.7294 | AO129: 314.40101 | AP129: 345.04792 | AQ129: 3772.8121 | AR129: 4140.575 | AS129: 3956.6936
A130: BGR | B130: 100 | C130: 2016 | D130: 0.666662 | E130: 116.29581 | F130: 161.32613 | G130: 192.52635 | H130: 1395.5498 | I130: 1935.9136 | J130: 2310.3162 | K130: 1880.5932 | L130: 158.75111 | M130: 158.75111 | N130: 0 | O130: 0 | P130: 0 | Q130: 0 | R130: 0 | S130: 0 | T130: 0 | U130: 0 | V130: 0 | W130: 1905.0133 | X130: 1905.0133 | Y130: 0 | Z130: 0 | AA130: 0 | AB130: 0 | AC130: 0 | AD130: 0 | AE130: 0 | AF130: 0 | AG130: 0 | AH130: 116.29581 | AI130: 320.07724 | AJ130: 351.27746 | AK130: 1395.5498 | AL130: 3840.9269 | AM130: 4215.3295 | AN130: 3150.6021 | AO130: 320.07724 | AP130: 351.27746 | AQ130: 3840.9269 | AR130: 4215.3295 | AS130: 4028.1282
A131: BGR | B131: 100 | C131: 2017 | D131: 0.676278 | E131: 114.6422 | F131: 159.19242 | G131: 189.94901 | H131: 1375.7064 | I131: 1910.3091 | J131: 2279.3881 | K131: 1855.1345 | L131: 156.49383 | M131: 156.49383 | N131: 0 | O131: 0 | P131: 0 | Q131: 0 | R131: 0 | S131: 0 | T131: 0 | U131: 0 | V131: 0 | W131: 1877.9259 | X131: 1877.9259 | Y131: 0 | Z131: 0 | AA131: 0 | AB131: 0 | AC131: 0 | AD131: 0 | AE131: 0 | AF131: 0 | AG131: 0 | AH131: 114.6422 | AI131: 315.68625 | AJ131: 346.44283 | AK131: 1375.7064 | AL131: 3788.235 | AM131: 4157.314 | AN131: 3107.0852 | AO131: 315.68625 | AP131: 346.44283 | AQ131: 3788.235 | AR131: 4157.314 | AS131: 3972.7745
A132: BGR | B132: 100 | C132: 2018 | D132: 0.680096 | E132: 131.5316 | F132: 192.75465 | G132: 228.04379 | H132: 1578.3792 | I132: 2313.0558 | J132: 2736.5254 | K132: 2209.3201 | L132: 162.96719 | M132: 162.96719 | N132: 0 | O132: 0 | P132: 0 | Q132: 0 | R132: 0 | S132: 0 | T132: 0 | U132: 0 | V132: 0 | W132: 1955.6063 | X132: 1955.6063 | Y132: 0 | Z132: 0 | AA132: 0 | AB132: 0 | AC132: 0 | AD132: 0 | AE132: 0 | AF132: 0 | AG132: 0 | AH132: 131.5316 | AI132: 355.72184 | AJ132: 391.01097 | AK132: 1578.3792 | AL132: 4268.6621 | AM132: 4692.1317 | AN132: 3513.0577 | AO132: 355.72184 | AP132: 391.01097 | AQ132: 4268.6621 | AR132: 4692.1317 | AS132: 4480.3969
... A136: BGR | B136: 100 | C136: 2022 | D136: 0.731777 | E136: 141.60735 | F136: 158.68905 | G136: 202.77124 | H136: 1699.2882 | I136: 1904.2687 | J136: 2433.2549 | K136: 2012.2706 | L136: 218.64584 | M136: 218.64584 | N136: 0 | O136: 0 | P136: 0 | Q136: 0 | R136: 0 | S136: 0 | T136: 0 | U136: 0 | V136: 0 | W136: 2623.7501 | X136: 2623.7501 | Y136: 0 | Z136: 0 | AA136: 0 | AB136: 0 | AC136: 0 | AD136: 0 | AE136: 0 | AF136: 0 | AG136: 0 | AH136: 141.60735 | AI136: 377.3349 | AJ136: 421.41709 | AK136: 1699.2882 | AL136: 4528.0188 | AM136: 5057.0051 | AN136: 3761.4373 | AO136: 377.3349 | AP136: 421.41709 | AQ136: 4528.0188 | AR136: 5057.0051 | AS136: 4792.5119
A137: BGR | B137: 100 | C137: 2023
A138: BRA | B138: 76 | C138: 1990 | D138: 1.2e-05 | E138: N.A. | F138: N.A. | G138: N.A. | H138: N.A. | I138: N.A. | J138: N.A. | K138: N.A. | L138: N.A. | M138: N.A. | N138: N.A. | O138: N.A. | P138: N.A. | Q138: N.A. | R138: N.A. | S138: N.A. | T138: N.A. | U138: N.A. | V138: N.A. | W138: N.A. | X138: N.A. | Y138: N.A. | Z138: N.A. | AA138: N.A. | AB138: N.A. | AC138: N.A. | AD138: N.A. | AE138: N.A. | AF138: N.A. | AG138: N.A. | AH138: N.A. | AI138: N.A. | AJ138: N.A. | AK138: N.A. | AL138: N.A. | AM138: N.A. | AN138: N.A. | AO138: N.A. | AP138: N.A. | AQ138: N.A. | AR138: N.A. | AS138: N.A.
A139: BRA | B139: 76 | C139: 1991 | D139: 5.8e-05 | E139: N.A. | F139: N.A. | G139: N.A. | H139: N.A. | I139: N.A. | J139: N.A. | K139: N.A. | L139: N.A. | M139: N.A. | N139: N.A. | O139: N.A. | P139: N.A. | Q139: N.A. | R139: N.A. | S139: N.A. | T139: N.A. | U139: N.A. | V139: N.A. | W139: N.A. | X139: N.A. | Y139: N.A. | Z139: N.A. | AA139: N.A. | AB139: N.A. | AC139: N.A. | AD139: N.A. | AE139: N.A. | AF139: N.A. | AG139: N.A. | AH139: N.A. | AI139: N.A. | AJ139: N.A. | AK139: N.A. | AL139: N.A. | AM139: N.A. | AN139: N.A. | AO139: N.A. | AP139: N.A. | AQ139: N.A. | AR139: N.A. | AS139: N.A.
A140: BRA | B140: 76 | C140: 1992 | D140: 0.000605 | E140: N.A. | F140: N.A. | G140: N.A. | H140: N.A. | I140: N.A. | J140: N.A. | K140: N.A. | L140: N.A. | M140: N.A. | N140: N.A. | O140: N.A. | P140: N.A. | Q140: N.A. | R140: N.A. | S140: N.A. | T140: N.A. | U140: N.A. | V140: N.A. | W140: N.A. | X140: N.A. | Y140: N.A. | Z140: N.A. | AA140: N.A. | AB140: N.A. | AC140: N.A. | AD140: N.A. | AE140: N.A. | AF140: N.A. | AG140: N.A. | AH140: N.A. | AI140: N.A. | AJ140: N.A. | AK140: N.A. | AL140: N.A. | AM140: N.A. | AN140: N.A. | AO140: N.A. | AP140: N.A. | AQ140: N.A. | AR140: N.A. | AS140: N.A.
A141: BRA | B141: 76 | C141: 1993 | D141: 0.012385 | E141: N.A. | F141: N.A. | G141: N.A. | H141: N.A. | I141: N.A. | J141: N.A. | K141: N.A. | L141: N.A. | M141: N.A. | N141: N.A. | O141: N.A. | P141: N.A. | Q141: N.A. | R141: N.A. | S141: N.A. | T141: N.A. | U141: N.A. | V141: N.A. | W141: N.A. | X141: N.A. | Y141: N.A. | Z141: N.A. | AA141: N.A. | AB141: N.A. | AC141: N.A. | AD141: N.A. | AE141: N.A. | AF141: N.A. | AG141: N.A. | AH141: N.A. | AI141: N.A. | AJ141: N.A. | AK141: N.A. | AL141: N.A. | AM141: N.A. | AN141: N.A. | AO141: N.A. | AP141: N.A. | AQ141: N.A. | AR141: N.A. | AS141: N.A.
A142: BRA | B142: 76 | C142: 1994 | D142: 0.283775 | E142: N.A. | F142: N.A. | G142: N.A. | H142: N.A. | I142: N.A. | J142: N.A. | K142: N.A. | L142: N.A. | M142: N.A. | N142: N.A. | O142: N.A. | P142: N.A. | Q142: N.A. | R142: N.A. | S142: N.A. | T142: N.A. | U142: N.A. | V142: N.A. | W142: N.A. | X142: N.A. | Y142: N.A. | Z142: N.A. | AA142: N.A. | AB142: N.A. | AC142: N.A. | AD142: N.A. | AE142: N.A. | AF142: N.A. | AG142: N.A. | AH142: N.A. | AI142: N.A. | AJ142: N.A. | AK142: N.A. | AL142: N.A. | AM142: N.A. | AN142: N.A. | AO142: N.A. | AP142: N.A. | AQ142: N.A. | AR142: N.A. | AS142: N.A.
A143: BRA | B143: 76 | C143: 1995 | D143: 0.539155 | E143: N.A. | F143: N.A. | G143: N.A. | H143: N.A. | I143: N.A. | J143: N.A. | K143: N.A. | L143: N.A. | M143: N.A. | N143: N.A. | O143: N.A. | P143: N.A. | Q143: N.A. | R143: N.A. | S143: N.A. | T143: N.A. | U143: N.A. | V143: N.A. | W143: N.A. | X143: N.A. | Y143: N.A. | Z143: N.A. | AA143: N.A. | AB143: N.A. | AC143: N.A. | AD143: N.A. | AE143: N.A. | AF143: N.A. | AG143: N.A. | AH143: N.A. | AI143: N.A. | AJ143: N.A. | AK143: N.A. | AL143: N.A. | AM143: N.A. | AN143: N.A. | AO143: N.A. | AP143: N.A. | AQ143: N.A. | AR143: N.A. | AS143: N.A.
A144: BRA | B144: 76 | C144: 1996 | D144: 0.62718 | E144: N.A. | F144: N.A. | G144: N.A. | H144: N.A. | I144: N.A. | J144: N.A. | K144: N.A. | L144: N.A. | M144: N.A. | N144: N.A. | O144: N.A. | P144: N.A. | Q144: N.A. | R144: N.A. | S144: N.A. | T144: N.A. | U144: N.A. | V144: N.A. | W144: N.A. | X144: N.A. | Y144: N.A. | Z144: N.A. | AA144: N.A. | AB144: N.A. | AC144: N.A. | AD144: N.A. | AE144: N.A. | AF144: N.A. | AG144: N.A. | AH144: N.A. | AI144: N.A. | AJ144: N.A. | AK144: N.A. | AL144: N.A. | AM144: N.A. | AN144: N.A. | AO144: N.A. | AP144: N.A. | AQ144: N.A. | AR144: N.A. | AS144: N.A.
A145: BRA | B145: 76 | C145: 1997 | D145: 0.664201 | E145: N.A. | F145: N.A. | G145: N.A. | H145: N.A. | I145: N.A. | J145: N.A. | K145: N.A. | L145: N.A. | M145: N.A. | N145: N.A. | O145: N.A. | P145: N.A. | Q145: N.A. | R145: N.A. | S145: N.A. | T145: N.A. | U145: N.A. | V145: N.A. | W145: N.A. | X145: N.A. | Y145: N.A. | Z145: N.A. | AA145: N.A. | AB145: N.A. | AC145: N.A. | AD145: N.A. | AE145: N.A. | AF145: N.A. | AG145: N.A. | AH145: N.A. | AI145: N.A. | AJ145: N.A. | AK145: N.A. | AL145: N.A. | AM145: N.A. | AN145: N.A. | AO145: N.A. | AP145: N.A. | AQ145: N.A. | AR145: N.A. | AS145: N.A.
A146: BRA | B146: 76 | C146: 1998 | D146: 0.689152 | E146: N.A. | F146: N.A. | G146: N.A. | H146: N.A. | I146: N.A. | J146: N.A. | K146: N.A. | L146: N.A. | M146: N.A. | N146: N.A. | O146: N.A. | P146: N.A. | Q146: N.A. | R146: N.A. | S146: N.A. | T146: N.A. | U146: N.A. | V146: N.A. | W146: N.A. | X146: N.A. | Y146: N.A. | Z146: N.A. | AA146: N.A. | AB146: N.A. | AC146: N.A. | AD146: N.A. | AE146: N.A. | AF146: N.A. | AG146: N.A. | AH146: N.A. | AI146: N.A. | AJ146: N.A. | AK146: N.A. | AL146: N.A. | AM146: N.A. | AN146: N.A. | AO146: N.A. | AP146: N.A. | AQ146: N.A. | AR146: N.A. | AS146: N.A.
A147: BRA | B147: 76 | C147: 1999 | D147: 0.734012 | E147: N.A. | F147: N.A. | G147: N.A. | H147: N.A. | I147: N.A. | J147: N.A. | K147: N.A. | L147: N.A. | M147: N.A. | N147: N.A. | O147: N.A. | P147: N.A. | Q147: N.A. | R147: N.A. | S147: N.A. | T147: N.A. | U147: N.A. | V147: N.A. | W147: N.A. | X147: N.A. | Y147: N.A. | Z147: N.A. | AA147: N.A. | AB147: N.A. | AC147: N.A. | AD147: N.A. | AE147: N.A. | AF147: N.A. | AG147: N.A. | AH147: N.A. | AI147: N.A. | AJ147: N.A. | AK147: N.A. | AL147: N.A. | AM147: N.A. | AN147: N.A. | AO147: N.A. | AP147: N.A. | AQ147: N.A. | AR147: N.A. | AS147: N.A.
A148: BRA | B148: 76 | C148: 2000 | D148: 0.757989 | E148: N.A. | F148: N.A. | G148: N.A. | H148: N.A. | I148: N.A. | J148: N.A. | K148: N.A. | L148: N.A. | M148: N.A. | N148: N.A. | O148: N.A. | P148: N.A. | Q148: N.A. | R148: N.A. | S148: N.A. | T148: N.A. | U148: N.A. | V148: N.A. | W148: N.A. | X148: N.A. | Y148: N.A. | Z148: N.A. | AA148: N.A. | AB148: N.A. | AC148: N.A. | AD148: N.A. | AE148: N.A. | AF148: N.A. | AG148: N.A. | AH148: N.A. | AI148: N.A. | AJ148: N.A. | AK148: N.A. | AL148: N.A. | AM148: N.A. | AN148: N.A. | AO148: N.A. | AP148: N.A. | AQ148: N.A. | AR148: N.A. | AS148: N.A.
A149: BRA | B149: 76 | C149: 2001 | D149: 0.80226 | E149: 0 | F149: 56.091541 | G149: 56.091541 | H149: 0 | I149: 673.0985 | J149: 673.0985 | K149: 448.73233 | L149: 0 | M149: 0 | N149: 0 | O149: 0 | P149: 0 | Q149: 0 | R149: 0 | S149: 0 | T149: 0 | U149: 0 | V149: 0 | W149: 0 | X149: 0 | Y149: 0 | Z149: 0 | AA149: 0 | AB149: 0 | AC149: 0 | AD149: 0 | AE149: 0 | AF149: 0 | AG149: 0 | AH149: 0 | AI149: 56.091541 | AJ149: 56.091541 | AK149: 0 | AL149: 673.0985 | AM149: 673.0985 | AN149: 448.73233 | AO149: 56.091541 | AP149: 56.091541 | AQ149: 673.0985 | AR149: 673.0985 | AS149: 673.0985
A150: BRA | B150: 76 | C150: 2002 | D150: 0.867348 | E150: 0 | F150: 51.882289 | G150: 51.882289 | H150: 0 | I150: 622.58747 | J150: 622.58747 | K150: 415.05832 | L150: 0 | M150: 0 | N150: 0 | O150: 0 | P150: 0 | Q150: 0 | R150: 0 | S150: 0 | T150: 0 | U150: 0 | V150: 0 | W150: 0 | X150: 0 | Y150: 0 | Z150: 0 | AA150: 0 | AB150: 0 | AC150: 0 | AD150: 0 | AE150: 0 | AF150: 0 | AG150: 0 | AH150: 0 | AI150: 51.882289 | AJ150: 51.882289 | AK150: 0 | AL150: 622.58747 | AM150: 622.58747 | AN150: 415.05832 | AO150: 51.882289 | AP150: 51.882289 | AQ150: 622.58747 | AR150: 622.58747 | AS150: 622.58747
A151: BRA | B151: 76 | C151: 2003 | D151: 0.970414 | E151: 51.524401 | F151: 82.439041 | G151: 82.439041 | H151: 618.29281 | I151: 989.2685 | J151: 989.2685 | K151: 865.60994 | L151: 0 | M151: 0 | N151: 0 | O151: 0 | P151: 0 | Q151: 0 | R151: 0 | S151: 0 | T151: 0 | U151: 0 | V151: 0 | W151: 0 | X151: 0 | Y151: 0 | Z151: 0 | AA151: 0 | AB151: 0 | AC151: 0 | AD151: 0 | AE151: 0 | AF151: 0 | AG151: 0 | AH151: 51.524401 | AI151: 82.439041 | AJ151: 82.439041 | AK151: 618.29281 | AL151: 989.2685 | AM151: 989.2685 | AN151: 865.60994 | AO151: 82.439041 | AP151: 82.439041 | AQ151: 989.2685 | AR151: 989.2685 | AS151: 989.2685
A152: BRA | B152: 76 | C152: 2004 | D152: 1.018306 | E152: 49.101154 | F152: 78.561847 | G152: 78.561847 | H152: 589.21385 | I152: 942.74216 | J152: 942.74216 | K152: 824.89939 | L152: 0 | M152: 0 | N152: 0 | O152: 0 | P152: 0 | Q152: 0 | R152: 0 | S152: 0 | T152: 0 | U152: 0 | V152: 0 | W152: 0 | X152: 0 | Y152: 0 | Z152: 0 | AA152: 0 | AB152: 0 | AC152: 0 | AD152: 0 | AE152: 0 | AF152: 0 | AG152: 0 | AH152: 49.101154 | AI152: 78.561847 | AJ152: 78.561847 | AK152: 589.21385 | AL152: 942.74216 | AM152: 942.74216 | AN152: 824.89939 | AO152: 78.561847 | AP152: 78.561847 | AQ152: 942.74216 | AR152: 942.74216 | AS152: 942.74216
A153: BRA | B153: 76 | C153: 2005 | D153: 1.060716 | E153: 47.137971 | F153: 75.420754 | G153: 75.420754 | H153: 565.65565 | I153: 905.04904 | J153: 905.04904 | K153: 791.91791 | L153: 0 | M153: 0 | N153: 0 | O153: 0 | P153: 0 | Q153: 0 | R153: 0 | S153: 0 | T153: 0 | U153: 0 | V153: 0 | W153: 0 | X153: 0 | Y153: 0 | Z153: 0 | AA153: 0 | AB153: 0 | AC153: 0 | AD153: 0 | AE153: 0 | AF153: 0 | AG153: 0 | AH153: 58 | AI153: 94 | AJ153: 94 | AK153: 696 | AL153: 1128 | AM153: 1128 | AN153: 984 | AO153: 94 | AP153: 94 | AQ153: 696 | AR153: 1128 | AS153: 912
A154: BRA | B154: 76 | C154: 2006 | D154: 1.098672 | E154: 45.509488 | F154: 72.815181 | G154: 72.815181 | H154: 546.11385 | I154: 873.78217 | J154: 873.78217 | K154: 764.5594 | L154: 0 | M154: 0 | N154: 0 | O154: 0 | P154: 0 | Q154: 0 | R154: 0 | S154: 0 | T154: 0 | U154: 0 | V154: 0 | W154: 0 | X154: 0 | Y154: 0 | Z154: 0 | AA154: 0 | AB154: 0 | AC154: 0 | AD154: 0 | AE154: 0 | AF154: 0 | AG154: 0 | AH154: 58 | AI154: 94 | AJ154: 94 | AK154: 696 | AL154: 1128 | AM154: 1128 | AN154: 984 | AO154: 94 | AP154: 94 | AQ154: 696 | AR154: 1128 | AS154: 912
A155: BRA | B155: 76 | C155: 2007 | D155: 1.138643 | E155: 50.937827 | F155: 82.554409 | G155: 82.554409 | H155: 611.25392 | I155: 990.65291 | J155: 990.65291 | K155: 864.18658 | L155: 0 | M155: 0 | N155: 0 | O155: 0 | P155: 0 | Q155: 0 | R155: 0 | S155: 0 | T155: 0 | U155: 0 | V155: 0 | W155: 0 | X155: 0 | Y155: 0 | Z155: 0 | AA155: 0 | AB155: 0 | AC155: 0 | AD155: 0 | AE155: 0 | AF155: 0 | AG155: 0 | AH155: 58 | AI155: 94 | AJ155: 94 | AK155: 696 | AL155: 1128 | AM155: 1128 | AN155: 984 | AO155: 94 | AP155: 94 | AQ155: 696 | AR155: 1128 | AS155: 912
A156: BRA | B156: 76 | C156: 2008 | D156: 1.215291 | E156: 51.016588 | F156: 83.930515 | G156: 83.930515 | H156: 612.19905 | I156: 1007.1662 | J156: 1007.1662 | K156: 875.51047 | L156: 0 | M156: 0 | N156: 0 | O156: 0 | P156: 0 | Q156: 0 | R156: 0 | S156: 0 | T156: 0 | U156: 0 | V156: 0 | W156: 0 | X156: 0 | Y156: 0 | Z156: 0 | AA156: 0 | AB156: 0 | AC156: 0 | AD156: 0 | AE156: 0 | AF156: 0 | AG156: 0 | AH156: 60 | AI156: 100 | AJ156: 100 | AK156: 720 | AL156: 1200 | AM156: 1200 | AN156: 1040 | AO156: 100 | AP156: 100 | AQ156: 720 | AR156: 1200 | AS156: 960
A157: BRA | B157: 76 | C157: 2009 | D157: 1.295865 | E157: 52.474602 | F157: 86.428756 | G157: 86.428756 | H157: 629.69522 | I157: 1037.1451 | J157: 1037.1451 | K157: 901.32846 | L157: 0 | M157: 0 | N157: 0 | O157: 0 | P157: 0 | Q157: 0 | R157: 0 | S157: 0 | T157: 0 | U157: 0 | V157: 0 | W157: 0 | X157: 0 | Y157: 0 | Z157: 0 | AA157: 0 | AB157: 0 | AC157: 0 | AD157: 0 | AE157: 0 | AF157: 0 | AG157: 0 | AH157: 64 | AI157: 108 | AJ157: 108 | AK157: 768 | AL157: 1296 | AM157: 1296 | AN157: 1120 | AO157: 108 | AP157: 108 | AQ157: 768 | AR157: 1296 | AS157: 1032
A158: BRA | B158: 76 | C158: 2010 | D158: 1.388336 | E158: 48.979498 | F158: 80.672114 | G158: 80.672114 | H158: 587.75397 | I158: 968.06537 | J158: 968.06537 | K158: 841.2949 | L158: 0 | M158: 0 | N158: 0 | O158: 0 | P158: 0 | Q158: 0 | R158: 0 | S158: 0 | T158: 0 | U158: 0 | V158: 0 | W158: 0 | X158: 0 | Y158: 0 | Z158: 0 | AA158: 0 | AB158: 0 | AC158: 0 | AD158: 0 | AE158: 0 | AF158: 0 | AG158: 0 | AH158: 68 | AI158: 112 | AJ158: 112 | AK158: 816 | AL158: 1344 | AM158: 1344 | AN158: 1168 | AO158: 112 | AP158: 112 | AQ158: 816 | AR158: 1344 | AS158: 1080
A159: BRA | B159: 76 | C159: 2011 | D159: 1.473216 | E159: 46.157522 | F159: 76.024154 | G159: 76.024154 | H159: 553.89026 | I159: 912.28985 | J159: 912.28985 | K159: 792.82332 | L159: 0 | M159: 0 | N159: 0 | O159: 0 | P159: 0 | Q159: 0 | R159: 0 | S159: 0 | T159: 0 | U159: 0 | V159: 0 | W159: 0 | X159: 0 | Y159: 0 | Z159: 0 | AA159: 0 | AB159: 0 | AC159: 0 | AD159: 0 | AE159: 0 | AF159: 0 | AG159: 0 | AH159: 69.5 | AI159: 133.5 | AJ159: 133.5 | AK159: 834 | AL159: 1602 | AM159: 1602 | AN159: 1346 | AO159: 133.5 | AP159: 133.5 | AQ159: 834 | AR159: 1602 | AS159: 1218
A160: BRA | B160: 76 | C160: 2012 | D160: 1.605704 | E160: 43.594585 | F160: 83.452492 | G160: 83.452492 | H160: 523.13502 | I160: 1001.4299 | J160: 1001.4299 | K160: 841.99828 | L160: 0 | M160: 0 | N160: 0 | O160: 0 | P160: 0 | Q160: 0 | R160: 0 | S160: 0 | T160: 0 | U160: 0 | V160: 0 | W160: 0 | X160: 0 | Y160: 0 | Z160: 0 | AA160: 0 | AB160: 0 | AC160: 0 | AD160: 0 | AE160: 0 | AF160: 0 | AG160: 0 | AH160: 70 | AI160: 134 | AJ160: 134 | AK160: 840 | AL160: 1608 | AM160: 1608 | AN160: 1352 | AO160: 134 | AP160: 134 | AQ160: 840 | AR160: 1608 | AS160: 1224
... A167: BRA | B167: 76 | C167: 2019 | D167: 2.279217 | E167: 39.048498 | F167: 75.025765 | G167: 75.025765 | H167: 468.58197 | I167: 900.30919 | J167: 900.30919 | K167: 756.40011 | L167: 0 | M167: 0 | N167: 0 | O167: 0 | P167: 0 | Q167: 0 | R167: 0 | S167: 0 | T167: 0 | U167: 0 | V167: 0 | W167: 0 | X167: 0 | Y167: 0 | Z167: 0 | AA167: 0 | AB167: 0 | AC167: 0 | AD167: 0 | AE167: 0 | AF167: 0 | AG167: 0 | AH167: 74.083333 | AI167: 144.08333 | AJ167: 144.08333 | AK167: 889 | AL167: 1729 | AM167: 1729 | AN167: 1449 | AO167: 144.08333 | AP167: 144.08333 | AQ167: 889 | AR167: 1729 | AS167: 1309
A168: BRA | B168: 76 | C168: 2020 | D168: 2.395481
A169: BRA | B169: 76 | C169: 2021 | D169: 2.553462
...

Sheet Tables
B1: MIPavey ($PPPs)
A2: AUS | B2: ='SaMip 3.0_PPPs'!AN34 -> 27540.368
A3: AUT | B3: ='SaMip 3.0_PPPs'!AN68 -> 33092.183
A4: BEL | B4: ='SaMip 3.0_PPPs'!AN102 -> 29823.498
A5: BGR | B5: ='SaMip 3.0_PPPs'!AN136 -> 3761.4373
A6: BRA | B6: ='SaMip 3.0_PPPs'!AN170 -> 0
A7: CAN | B7: ='SaMip 3.0_PPPs'!AN204 -> 20606.807
A8: CHE | B8: ='SaMip 3.0_PPPs'!AN238 -> 39458.867
A9: CYP | B9: ='SaMip 3.0_PPPs'!AN272 -> 24624.352
A10: CZE | B10: ='SaMip 3.0_PPPs'!AN306 -> 11008.738
A11: DEU | B11: ='SaMip 3.0_PPPs'!AN340 -> 34079.827
A12: DNK | B12: ='SaMip 3.0_PPPs'!AN374 -> 35527.216
A13: ESP | B13: ='SaMip 3.0_PPPs'!AN408 -> 16009.401
A14: EST | B14: ='SaMip 3.0_PPPs'!AN442 -> 13839.238
A15: FIN | B15: ='SaMip 3.0_PPPs'!AN476 -> 31875.765
A16: FRA | B16: ='SaMip 3.0_PPPs'!AN510 -> 23622.93
A17: GBR | B17: ='SaMip 3.0_PPPs'!AN544 -> 19571.242
A18: GRC | B18: ='SaMip 3.0_PPPs'!AN578 -> 10636.536
A19: HUN | B19: ='SaMip 3.0_PPPs'!AN612 -> 3286.1029
A20: IRL | B20: ='SaMip 3.0_PPPs'!AN646 -> 33083.654
A21: ISL | B21: ='SaMip 3.0_PPPs'!AN680 -> 28823.049
A22: ITA | B22: ='SaMip 3.0_PPPs'!AN748 -> 19113.862
A23: JPN | B23: ='SaMip 3.0_PPPs'!AN782 -> 29606.45
A24: KOR | B24: ='SaMip 3.0_PPPs'!AN816 -> 25941.424
A25: LTU | B25: ='SaMip 3.0_PPPs'!AN850 -> 20811.953
A26: LUX | B26: ='SaMip 3.0_PPPs'!AN884 -> 45217.944
A27: LVA | B27: ='SaMip 3.0_PPPs'!AN917 -> 13693.118
A28: MLT | B28: ='SaMip 3.0_PPPs'!AN951 -> 21930.294
A29: NLD | B29: ='SaMip 3.0_PPPs'!AN985 -> 30869.641
A30: NOR | B30: ='SaMip 3.0_PPPs'!AN1053 -> 34855.179
A31: NZL | B31: ='SaMip 3.0_PPPs'!AN1087 -> 25889.403
A32: POL | B32: ='SaMip 3.0_PPPs'!AN1121 -> 16356.565
A33: PRT | B33: ='SaMip 3.0_PPPs'!AN1155 -> 9744.0965
A34: ROU | B34: ='SaMip 3.0_PPPs'!AN1189 -> 5461.0555
A35: SVK | B35: ='SaMip 3.0_PPPs'!AN1223 -> 6257.5548
A36: SVN | B36: ='SaMip 3.0_PPPs'!AN1257 -> 25191.728
A37: SWE | B37: ='SaMip 3.0_PPPs'!AN1291 -> 26489.246
A38: USA | B38: ='SaMip 3.0_PPPs'!AN1325 -> 10578
A39: HRV | B39: ='SaMip 3.0_PPPs'!AN1359 -> 9402.1696
A42: DATASET(S) | B42: EYMED | C42: MIPsiy | D42: MIPsiy as % of EYMED
A43: AU18 | B43: 53085.342 | C43: ='SaMip 3.0_new currencies'!AJ30 -> 17696.04 | D43: =C43/B43*100 -> 33.335078
A44: AT20 | B44: 30132.052 | C44: ='SaMip 3.0_new currencies'!AJ66 -> 12374.924 | D44: =C44/B44*100 -> 41.068972
A45: BE21 | B45: 31091.434 | C45: ='SaMip 3.0_new currencies'!AJ101 -> 11511.862 | D45: =C45/B45*100 -> 37.025833
A46: BR22 | B46: 22282.349 | C46: ='SaMip 3.0_new currencies'!AJ170 -> 0 | D46: =C46/B46*100 -> 0
A47: CA19 | B47: 47624.768 | C47: ='SaMip 3.0_new currencies'!AJ201 -> 9945.2 | D47: =C47/B47*100 -> 20.882411
A48: CZ16 | B48: 260361.2 | C48: ='SaMip 3.0_new currencies'!AJ300 -> 65500.6 | D48: =C48/B48*100 -> 25.157589
A49: DK16 | B49: 246748.96 | C49: ='SaMip 3.0_new currencies'!AJ368 -> 130764 | D49: =C49/B49*100 -> 52.994752
A50: EE16 | B50: 10724.936 | C50: ='SaMip 3.0_new currencies'!AJ436 -> 3023.4525 | D50: =C50/B50*100 -> 28.190868
A51: FI16 | B51: 26209.02 | C51: ='SaMip 3.0_new currencies'!AJ470 -> 13590.48 | D51: =C51/B51*100 -> 51.854208
A52: FR18 | B52: 23290 | C52: ='SaMip 3.0_new currencies'!AJ506 -> 9143.0593 | D52: =C52/B52*100 -> 39.257446
A53: DE19 | B53: 25966.959 | C53: ='SaMip 3.0_new currencies'!AJ337 -> 12477.438 | D53: =C53/B53*100 -> 48.051209
A54: GR16 | B54: 9123.766 | D54: =C54/B54*100 -> 0
A55: HU15 | B55: 1884804.6 | C55: ='SaMip 3.0_new currencies'!AJ605 -> 273600 | D55: =C55/B55*100 -> 14.516094
A56: IS10 | B56: 3563819.5 | C56: ='SaMip 3.0_new currencies'!AJ668 -> 1722480 | D56: =C56/B56*100 -> 48.332414
A57: IE19 | B57: 30332.749 | C57: ='SaMip 3.0_new currencies'!AJ643 -> 12720.882 | D57: =C57/B57*100 -> 41.937782
A58: IT20 | B58: 15933.154 | C58: ='SaMip 3.0_new currencies'!AJ746 -> 9061.7436 | D58: =C58/B58*100 -> 56.873508
A59: JP13 | B59: 2742344.7 | C59: ='SaMip 3.0_new currencies'!AJ773 -> 1664250 | D59: =C59/B59*100 -> 60.68712
A60: LT20 | B60: 10781.295 | C60: ='SaMip 3.0_new currencies'!AJ848 -> 1821.0627 | D60: =C60/B60*100 -> 16.890946
A61: LU19 | B61: 43129.914 | C61: ='SaMip 3.0_new currencies'!AJ881 -> 19146.82 | D61: =C61/B61*100 -> 44.393366
A62: NL18 | B62: 26996.704 | C62: ='SaMip 3.0_new currencies'!AJ981 -> 12734.917 | D62: =C62/B62*100 -> 47.172117
A63: NO21 | B63: 447826.83 | C63: ='SaMip 3.0_new currencies'!AJ1052 -> 163527.42 | D63: =C63/B63*100 -> 36.515771
A64: PL20 | B64: 37358.204 | C64: ='SaMip 3.0_new currencies'!AJ1119 -> 10266.5 | D64: =C64/B64*100 -> 27.481246
A65: RO20 | B65: 28546.746 | C65: ='SaMip 3.0_new currencies'!AJ1187 -> 1704 | D65: =C65/B65*100 -> 5.9691567
A66: SK18 | B66: 9442.024 | C66: ='SaMip 3.0_new currencies'!AJ1219 -> 1409.0581 | D66: =C66/B66*100 -> 14.923263
A67: SI15 | B67: 13871.266 | C67: ='SaMip 3.0_new currencies'!AJ1250 -> 4141.2955 | D67: =C67/B67*100 -> 29.85521
A68: KR16 | B68: 23513455 | C68: ='SaMip 3.0_new currencies'!AJ810 -> 8134971.4 | D68: =C68/B68*100 -> 34.59709
A69: ES19 | B69: 18133.414 | C69: ='SaMip 3.0_new currencies'!AJ405 -> 4791.9168 | D69: =C69/B69*100 -> 26.425894
A70: SE21 | B70: 310417.23 | C70: ='SaMip 3.0_new currencies'!AJ1290 -> 122127.17 | D70: =C70/B70*100 -> 39.342909
A71: CH19 | B71: 52944.68 | C71: ='SaMip 3.0_new currencies'!AJ235 -> 25032 | D71: =C71/B71*100 -> 47.279538
A72: UK21 | B72: 23519.885 | C72: ='SaMip 3.0_new currencies'!AJ543 -> 7498.6893 | D72: =C72/B72*100 -> 31.882338
A73: US21 | B73: 46583.857 | C73: ='SaMip 3.0_new currencies'!AJ1324 -> 1157 | D73: =C73/B73*100 -> 2.483693
A75: EYMED=Equivalized (square root scale) median disposable income
B77: ilc_di03*
A78: Belgium | B78: 27314 | C78: ='SaMip 3.0_new currencies'!AJ102 -> 12873.127 | D78: =C78/B78*100 -> 47.130142
A79: Bulgaria | B79: 10519 | C79: ='SaMip 3.0_new currencies'!AJ136 -> 1243.5 | D79: =C79/B79*100 -> 11.821466
A80: Czechia | B80: 311411 | C80: ='SaMip 3.0_new currencies'!AJ306 -> 81266.1 | D80: =C80/B80*100 -> 26.096092
A81: Denmark | B81: 247352 | C81: ='SaMip 3.0_new currencies'!AJ374 -> 135750.3 | D81: =C81/B81*100 -> 54.881424
A82: Germany | B82: 25000 | C82: ='SaMip 3.0_new currencies'!AJ340 -> 13508.504 | D82: =C82/B82*100 -> 54.034017
A83: Estonia | B83: 14827 | C83: ='SaMip 3.0_new currencies'!AJ442 -> 4287.4184 | D83: =C83/B83*100 -> 28.916291
A84: Ireland | B84: 29060 | C84: ='SaMip 3.0_new currencies'!AJ646 -> 15084.448 | D84: =C84/B84*100 -> 51.907941
A85: Greece | B85: 9520 | C85: ='SaMip 3.0_new currencies'!AJ578 -> 3201.687 | D85: =C85/B85*100 -> 33.631166
A86: Spain | B86: 16814 | C86: ='SaMip 3.0_new currencies'!AJ408 -> 5889.6651 | D86: =C86/B86*100 -> 35.02834
A87: France | B87: 23053 | C87: ='SaMip 3.0_new currencies'!AJ510 -> 9373.5851 | D87: =C87/B87*100 -> 40.661021
A88: Croatia | B88: =66000*0.1327 -> 8758.2 | C88: ='SaMip 3.0_new currencies'!AJ1359 -> 1910.88 | D88: =C88/B88*100 -> 21.818182
A89: Italy | B89: 18592 | C89: ='SaMip 3.0_new currencies'!AJ748 -> 9061.7436 | D89: =C89/B89*100 -> 48.740015
A90: Cyprus | B90: 17856 | C90: ='SaMip 3.0_new currencies'!AJ272 -> 8439.5929 | D90: =C90/B90*100 -> 47.264745
A91: Latvia | B91: 10258 | C91: ='SaMip 3.0_new currencies'!AJ917 -> 4380.0868 | D91: =C91/B91*100 -> 42.699228
A92: Lithuania | B92: 10195 | C92: ='SaMip 3.0_new currencies'!AJ850 -> 4693.5756 | D92: =C92/B92*100 -> 46.038014
A93: Luxembourg | B93: 45310 | C93: ='SaMip 3.0_new currencies'!AJ884 -> 21137.975 | D93: =C93/B93*100 -> 46.651899
A94: Hungary | B94: 2500546 | C94: ='SaMip 3.0_new currencies'!AJ612 -> 273600 | D94: =C94/B94*100 -> 10.94161
A95: Malta | B95: 18155 | C95: ='SaMip 3.0_new currencies'!AJ951 -> 9953.8137 | D95: =C95/B95*100 -> 54.826845
A96: Netherlands | B96: 29537 | C96: ='SaMip 3.0_new currencies'!AJ985 -> 14955.052 | D96: =C96/B96*100 -> 50.631587
A97: Austria | B97: 27844 | C97: ='SaMip 3.0_new currencies'!AJ68 -> 13488.04 | D97: =C97/B97*100 -> 48.44146
A98: Poland | B98: 40838 | C98: ='SaMip 3.0_new currencies'!AJ1121 -> 11703.2 | D98: =C98/B98*100 -> 28.657623
A99: Portugal | B99: 11014 | C99: ='SaMip 3.0_new currencies'!AJ1155 -> 2281.3849 | D99: =C99/B99*100 -> 20.7135
A100: Romania | B100: 27129 | C100: ='SaMip 3.0_new currencies'!AJ1189 -> 1788 | D100: =C100/B100*100 -> 6.5907332
A101: Slovenia | B101: 16544 | C101: ='SaMip 3.0_new currencies'!AJ1257 -> 5803.0072 | D101: =C101/B101*100 -> 35.076204
A102: Slovakia | B102: 8819 | C102: ='SaMip 3.0_new currencies'!AJ1223 -> 1538.6818 | D102: =C102/B102*100 -> 17.44735
A103: Finland | B103: 26541 | C103: ='SaMip 3.0_new currencies'!AJ476 -> 15359.489 | D103: =C103/B103*100 -> 57.870799
A104: Sweden | B104: 270831 | C104: ='SaMip 3.0_new currencies'!AJ1291 -> 131388.17 | D104: =C104/B104*100 -> 48.512973
...

Sheet Sheet1
A1: Country | B1: Country.nr | C1: Year
A2: AUS | B2: 36 | C2: 1990
A3: AUS | B3: 36 | C3: 1991
A4: AUS | B4: 36 | C4: 1992
A5: AUS | B5: 36 | C5: 1993
A6: AUS | B6: 36 | C6: 1994
A7: AUS | B7: 36 | C7: 1995
A8: AUS | B8: 36 | C8: 1996
A9: AUS | B9: 36 | C9: 1997
A10: AUS | B10: 36 | C10: 1998
A11: AUS | B11: 36 | C11: 1999
A12: AUS | B12: 36 | C12: 2000
A13: AUS | B13: 36 | C13: 2001
... A715: ITA | B715: 380 | C715: 2023
A716: ITA | B716: 380x | C716: 1990
A717: ITA | B717: 380x | C717: 1991
A718: ITA | B718: 380x | C718: 1992
A719: ITA | B719: 380x | C719: 1993
A720: ITA | B720: 380x | C720: 1994
A721: ITA | B721: 380x | C721: 1995
A722: ITA | B722: 380x | C722: 1996
A723: ITA | B723: 380x | C723: 1997
A724: ITA | B724: 380x | C724: 1998
A725: ITA | B725: 380x | C725: 1999
A726: ITA | B726: 380x | C726: 2000
A727: ITA | B727: 380x | C727: 2001
... A749: ITA | B749: 380x | C749: 2023
A750: JPN | B750: 392 | C750: 1990
A751: JPN | B751: 392 | C751: 1991
A752: JPN | B752: 392 | C752: 1992
A753: JPN | B753: 392 | C753: 1993
A754: JPN | B754: 392 | C754: 1994
A755: JPN | B755: 392 | C755: 1995
A756: JPN | B756: 392 | C756: 1996
A757: JPN | B757: 392 | C757: 1997
A758: JPN | B758: 392 | C758: 1998
A759: JPN | B759: 392 | C759: 1999
A760: JPN | B760: 392 | C760: 2000
A761: JPN | B761: 392 | C761: 2001
... A1020: NOR | B1020: 578 | C1020: 2023
A1021: NOR | B1021: 578x | C1021: 1990
A1022: NOR | B1022: 578x | C1022: 1991
A1023: NOR | B1023: 578x | C1023: 1992
A1024: NOR | B1024: 578x | C1024: 1993
A1025: NOR | B1025: 578x | C1025: 1994
A1026: NOR | B1026: 578x | C1026: 1995
A1027: NOR | B1027: 578x | C1027: 1996
A1028: NOR | B1028: 578x | C1028: 1997
A1029: NOR | B1029: 578x | C1029: 1998
A1030: NOR | B1030: 578x | C1030: 1999
A1031: NOR | B1031: 578x | C1031: 2000
A1032: NOR | B1032: 578x | C1032: 2001
... A1054: NOR | B1054: 578x | C1054: 2023
A1055: NZL | B1055: 554 | C1055: 1990
A1056: NZL | B1056: 554 | C1056: 1991
A1057: NZL | B1057: 554 | C1057: 1992
A1058: NZL | B1058: 554 | C1058: 1993
A1059: NZL | B1059: 554 | C1059: 1994
A1060: NZL | B1060: 554 | C1060: 1995
A1061: NZL | B1061: 554 | C1061: 1996
A1062: NZL | B1062: 554 | C1062: 1997
A1063: NZL | B1063: 554 | C1063: 1998
A1064: NZL | B1064: 554 | C1064: 1999
A1065: NZL | B1065: 554 | C1065: 2000
A1066: NZL | B1066: 554 | C1066: 2001
... A1360: HRV | B1360: 191 | C1360: 2023
